m_avg,f_avg,u18_avg,m_u18_avg,f_u18_avg,18-29_avg,m_18-29_avg,f_18-29_avg,30-44_avg,m_30-44_avg,f_30-44_avg,45+_avg,m_45+_avg,f_45+_avg,top_1000_vot,us_users_avg,non_users_avg,imdb_users_avg,epno,crv-1,crv-2,crv-3,crv-4,crv-5,crv-6,crv-7,crv-8,crv-9,crv-10,sid
7.4,6.8,0.0,0.0,0.0,0.0,7.8,5.3,8.5,8.0,10.0,6.1,5.8,7.0,7.5,6.6,7.7,7.0,2,10,4,5,11,9,3,0,1,2,2,43
6.0,6.5,0.0,0.0,0.0,6.0,6.2,4.6,6.0,5.5,7.4,6.5,6.5,6.3,6.6,6.0,6.6,5.9,1,21,9,20,27,15,11,5,4,1,15,43
7.7,6.8,0.0,0.0,0.0,7.7,8.0,4.9,7.6,7.4,8.1,7.6,7.8,6.0,7.3,7.3,7.9,7.3,0,17,9,15,25,23,8,5,1,2,4,43
6.9,6.3,0.0,0.0,0.0,7.5,7.8,5.4,6.3,6.1,6.9,6.9,7.0,6.2,6.3,6.6,7.0,6.7,20,35,17,26,39,17,2,1,1,2,13,42
7.0,7.4,0.0,0.0,0.0,7.3,7.7,5.8,7.3,7.1,7.9,6.6,6.2,8.8,6.9,6.6,7.7,7.1,19,24,4,30,36,24,9,3,3,5,19,42
7.8,7.9,0.0,0.0,0.0,8.3,8.3,7.9,7.5,7.4,8.0,7.6,7.5,7.7,7.5,7.4,8.1,7.9,18,16,5,17,28,25,17,10,3,8,16,42
6.3,6.8,0.0,0.0,0.0,6.8,7.0,6.1,6.2,5.9,7.4,6.3,6.1,6.0,6.6,6.2,6.8,6.4,17,33,6,30,34,27,17,6,4,4,21,42
5.6,6.4,0.0,0.0,0.0,6.1,5.9,6.6,5.6,5.3,6.4,6.1,5.9,6.2,5.3,5.6,6.1,5.6,16,40,26,49,25,20,6,5,3,4,17,42
5.9,6.7,0.0,0.0,0.0,6.1,6.2,5.4,5.9,5.6,7.5,6.5,6.2,8.3,5.9,5.5,6.7,6.0,15,26,17,32,31,31,7,3,2,3,22,42
6.3,7.0,0.0,0.0,0.0,6.6,6.3,7.6,6.4,6.3,6.9,6.6,6.4,7.7,6.8,6.3,6.5,6.5,14,16,5,6,29,32,20,12,9,5,25,42
6.7,7.5,0.0,0.0,0.0,6.9,6.9,6.4,6.9,6.6,7.8,6.6,6.3,8.3,6.7,6.4,7.1,6.8,13,36,19,48,45,20,10,2,4,4,25,42
6.4,7.4,0.0,0.0,0.0,6.8,6.5,8.3,6.2,6.1,7.1,6.7,6.5,7.2,6.3,6.5,6.5,6.6,12,120,60,58,44,16,10,4,3,5,26,42
5.5,6.8,0.0,0.0,0.0,6.3,6.2,6.7,5.4,5.1,7.0,6.1,5.6,7.8,6.1,5.4,6.0,5.8,11,47,31,66,46,20,8,6,5,4,30,42
7.2,7.9,0.0,0.0,0.0,7.8,7.7,8.1,6.9,6.7,8.0,7.3,7.2,7.8,6.9,7.0,7.3,7.4,10,19,4,14,23,45,36,24,11,9,38,42
8.0,8.2,0.0,0.0,0.0,8.1,8.1,8.6,7.9,8.0,7.7,7.8,7.6,9.0,7.6,8.1,7.8,8.1,9,25,15,36,44,32,18,5,3,3,23,42
6.0,6.4,0.0,0.0,0.0,6.0,6.0,5.7,6.1,6.0,6.5,6.8,6.7,7.3,6.2,6.4,6.1,6.0,8,22,5,19,46,40,19,7,4,4,23,42
7.3,7.3,0.0,0.0,0.0,7.6,7.6,6.9,6.9,6.8,7.3,7.3,7.3,7.3,7.0,7.1,7.3,7.3,7,20,17,51,54,25,12,3,3,3,19,42
5.6,6.4,0.0,0.0,0.0,5.6,5.4,5.3,5.7,5.5,6.7,6.2,5.9,7.5,6.0,5.7,5.5,5.8,6,27,17,29,52,32,16,3,7,6,31,42
6.7,7.4,0.0,0.0,0.0,7.1,7.1,7.2,6.5,6.3,7.2,6.5,6.4,7.7,6.7,6.6,6.7,6.8,5,151,85,60,39,22,6,4,6,10,40,42
6.9,7.9,0.0,0.0,0.0,7.7,7.5,8.6,6.7,6.7,6.5,6.6,6.3,8.4,6.8,7.0,6.9,7.1,4,19,8,29,59,48,18,12,7,2,25,42
6.1,6.6,0.0,0.0,0.0,6.3,6.2,5.6,6.2,6.0,6.6,6.2,5.7,8.4,6.2,6.2,6.0,6.2,3,87,62,80,51,21,7,2,4,2,23,42
7.2,7.9,0.0,0.0,0.0,7.8,7.6,8.2,7.4,7.3,7.8,6.7,6.6,7.2,7.2,7.3,7.4,7.4,2,25,9,30,52,45,25,10,5,3,31,42
6.2,6.3,0.0,0.0,0.0,6.1,6.3,5.3,6.0,6.0,5.5,6.7,6.3,8.1,6.4,6.2,6.5,6.2,1,69,43,64,53,28,9,4,1,3,29,42
6.3,6.5,0.0,0.0,0.0,6.5,6.7,5.4,6.1,6.1,6.5,6.3,6.1,7.3,6.4,6.2,6.1,6.3,0,70,31,78,60,25,13,6,3,3,27,42
7.4,8.0,0.0,0.0,0.0,7.8,7.7,7.5,7.2,7.1,7.9,7.6,7.4,8.7,7.4,7.3,7.6,7.6,20,46,20,34,27,12,9,2,1,1,10,41
5.8,7.0,0.0,0.0,0.0,6.1,6.0,6.6,5.8,5.6,7.3,6.2,6.2,6.2,6.1,5.5,6.5,6.0,19,20,5,18,28,28,14,8,2,5,16,41
6.0,6.7,0.0,0.0,0.0,5.9,5.9,5.5,6.0,5.9,6.6,7.0,6.6,8.3,6.1,6.1,6.0,6.1,18,14,5,12,42,20,8,7,4,3,9,41
6.5,6.7,0.0,0.0,0.0,6.9,6.7,6.9,6.2,5.9,6.9,6.4,6.6,5.5,6.5,6.0,6.7,6.5,17,19,2,17,33,27,20,6,3,4,13,41
7.3,7.3,0.0,0.0,0.0,7.5,7.5,7.0,7.2,7.1,7.7,7.4,7.3,7.3,7.0,7.3,7.2,7.3,16,13,3,8,22,19,22,21,8,6,14,41
7.1,6.6,0.0,0.0,0.0,7.3,7.4,5.5,6.8,6.7,7.2,7.2,7.1,8.5,7.4,6.8,7.1,7.1,15,130,11,31,41,26,11,10,4,2,6,41
7.4,8.1,0.0,0.0,0.0,7.9,7.7,8.6,7.2,6.9,7.8,7.2,7.2,7.0,7.0,7.3,7.5,7.6,14,65,45,52,37,13,5,4,2,3,11,41
7.5,7.8,0.0,0.0,0.0,8.0,7.9,8.1,7.1,6.9,7.8,7.5,7.5,6.8,7.1,7.2,7.7,7.6,13,14,2,12,24,31,28,13,10,4,15,41
7.5,8.5,0.0,0.0,0.0,8.2,8.0,8.7,7.3,7.1,8.1,7.3,7.2,7.9,7.3,7.5,7.5,7.7,12,23,7,18,47,32,15,3,3,6,18,41
7.3,6.8,0.0,0.0,0.0,7.6,7.7,6.4,6.9,6.8,7.1,7.3,7.3,6.5,7.0,7.1,7.2,7.3,11,74,43,58,29,10,7,1,3,0,10,41
6.4,7.0,0.0,0.0,0.0,6.5,6.3,6.9,6.5,6.3,7.1,6.6,6.5,7.3,6.6,6.4,6.5,6.5,10,23,4,15,31,35,21,12,6,6,21,41
6.2,7.0,0.0,0.0,0.0,6.5,6.5,6.3,6.3,5.9,7.4,6.2,6.2,5.7,6.1,6.3,6.3,6.3,9,50,18,57,42,22,6,5,4,3,9,41
7.4,6.9,0.0,0.0,0.0,7.8,8.3,6.1,6.9,6.8,7.1,7.0,6.8,8.0,7.0,6.9,7.7,7.3,8,75,45,58,26,14,4,4,3,6,16,41
7.6,7.5,0.0,0.0,0.0,8.0,8.1,7.9,7.4,7.4,7.3,7.3,7.3,7.5,7.4,7.4,7.8,7.7,7,17,5,17,35,34,17,6,5,4,5,41
5.5,4.3,0.0,0.0,0.0,5.3,5.4,3.8,5.7,5.9,4.7,4.9,4.7,6.0,5.8,5.0,5.6,5.2,6,61,36,60,38,10,12,6,0,1,7,41
7.2,7.1,0.0,0.0,0.0,7.5,7.9,5.8,7.0,6.9,7.5,6.8,6.5,8.6,7.3,7.2,7.1,7.2,5,36,18,38,44,25,12,5,3,4,8,41
6.6,6.1,0.0,0.0,0.0,7.1,7.4,6.4,5.9,6.1,5.3,6.3,6.0,7.7,6.3,6.7,6.4,6.6,4,22,14,29,50,21,9,3,1,2,12,41
6.9,7.5,0.0,0.0,0.0,7.7,7.5,7.6,6.6,6.3,7.4,7.1,6.8,8.7,6.8,6.9,7.1,7.2,3,79,5,12,25,33,29,18,18,31,239,41
4.0,4.7,0.0,0.0,0.0,4.5,4.7,4.0,4.4,4.1,5.9,3.5,3.5,4.3,4.8,4.0,4.5,4.1,2,43,19,54,36,20,12,2,2,6,7,41
6.4,6.7,0.0,0.0,0.0,7.3,7.3,7.2,5.8,5.7,6.0,5.8,5.9,5.8,6.2,6.2,6.9,6.6,1,33,18,46,48,27,14,7,5,4,24,41
6.8,7.0,0.0,0.0,0.0,7.2,7.1,7.2,6.4,6.4,6.3,6.7,6.6,8.0,6.5,6.7,6.8,6.9,0,21,9,33,43,43,23,6,10,6,26,41
7.8,7.7,0.0,0.0,0.0,8.0,8.0,7.3,7.4,7.5,7.5,8.0,8.0,8.5,7.5,7.8,7.8,7.9,20,27,14,28,38,14,11,3,2,2,7,40
6.5,7.3,0.0,0.0,0.0,7.7,7.4,8.3,6.4,6.3,6.9,5.3,5.4,5.2,6.4,5.9,7.7,6.7,19,11,1,13,24,37,12,6,3,2,6,40
6.2,7.7,0.0,0.0,0.0,7.2,6.8,7.5,6.1,5.8,7.4,6.2,5.9,7.7,6.0,6.4,6.9,6.7,18,14,5,12,35,36,14,7,1,1,7,40
7.5,7.7,0.0,0.0,0.0,8.1,8.0,8.2,7.2,7.2,7.3,7.1,7.2,6.0,7.1,7.4,7.7,7.6,17,19,3,10,24,28,22,13,4,5,15,40
6.5,7.4,0.0,0.0,0.0,6.9,6.6,7.0,6.4,6.3,7.2,7.2,6.9,9.0,6.9,6.5,7.0,6.8,16,33,11,37,50,20,7,2,2,2,6,40
6.2,6.3,0.0,0.0,0.0,6.7,6.8,6.5,5.9,6.0,5.9,5.9,5.7,7.3,6.2,5.9,6.5,6.3,15,43,31,61,30,13,3,2,0,2,4,40
6.8,7.7,0.0,0.0,0.0,7.6,7.3,7.9,6.6,6.3,7.8,6.8,6.6,7.5,6.5,6.8,7.2,7.1,14,27,13,39,46,17,12,2,1,1,5,40
7.8,7.8,0.0,0.0,0.0,8.2,8.2,8.2,7.4,7.4,7.4,7.5,7.4,7.6,7.3,7.8,7.7,7.8,13,14,6,15,30,37,19,7,5,5,15,40
8.0,8.1,0.0,0.0,0.0,8.3,8.2,8.4,7.7,7.8,7.6,8.1,8.1,7.7,7.6,7.8,8.2,8.0,12,15,15,39,50,20,6,1,2,1,6,40
6.3,7.0,0.0,0.0,0.0,7.3,6.9,8.1,6.2,6.1,6.6,5.7,5.8,5.8,6.1,6.2,6.5,6.5,11,18,3,7,21,37,26,12,8,6,15,40
6.8,6.8,0.0,0.0,0.0,7.5,7.5,6.8,6.6,6.4,6.9,6.4,6.6,5.3,6.7,6.4,7.0,6.9,10,20,12,22,44,30,7,8,3,3,10,40
7.4,7.9,0.0,0.0,0.0,8.1,7.8,8.7,7.2,7.1,7.4,7.4,7.3,6.5,6.9,7.2,7.7,7.5,9,34,5,22,56,27,10,3,3,2,7,40
7.0,7.3,0.0,0.0,0.0,7.6,7.2,7.9,6.9,6.9,7.2,6.8,6.9,5.7,6.7,6.9,7.1,7.1,8,36,27,53,47,19,6,2,1,1,6,40
8.0,8.6,0.0,0.0,0.0,8.6,8.4,9.0,8.0,7.9,8.5,7.6,7.7,6.0,7.8,8.0,8.3,8.2,7,19,7,19,41,42,18,9,3,3,7,40
7.5,8.0,0.0,0.0,0.0,8.0,7.8,8.2,7.4,7.2,7.8,7.6,7.7,6.2,7.1,7.5,7.7,7.6,6,18,3,15,30,33,26,7,2,2,13,40
6.0,7.1,0.0,0.0,0.0,6.9,6.7,7.1,6.1,5.8,7.0,5.8,5.7,7.0,6.1,6.1,6.3,6.2,5,30,19,46,49,21,7,2,2,3,7,40
6.4,7.4,0.0,0.0,0.0,7.2,6.9,7.6,6.6,6.5,7.2,5.8,5.6,6.9,6.3,6.3,6.7,6.7,4,19,3,33,38,42,21,13,8,7,21,40
5.5,6.8,0.0,0.0,0.0,6.3,5.9,6.4,5.9,5.6,7.1,5.3,4.9,8.0,5.9,5.7,5.6,5.9,3,63,29,74,65,20,12,3,1,2,11,40
8.4,8.8,0.0,0.0,0.0,8.9,8.8,9.1,8.3,8.0,8.7,8.1,8.2,6.3,7.7,8.1,8.7,8.5,2,82,50,81,37,15,7,3,2,2,5,40
7.3,7.5,0.0,0.0,0.0,7.9,8.0,7.6,7.0,6.9,7.4,6.9,6.9,6.8,7.0,6.9,7.7,7.4,1,19,12,32,65,43,14,4,4,5,8,40
6.7,7.3,0.0,0.0,0.0,7.5,7.1,7.9,6.6,6.4,7.1,6.4,6.5,6.4,6.8,6.6,7.2,7.0,0,31,11,39,82,49,30,9,6,6,10,40
7.7,7.9,0.0,0.0,0.0,8.4,8.5,8.4,7.4,7.3,7.6,7.1,7.1,4.5,7.3,7.4,8.1,7.8,20,44,26,47,32,13,1,1,1,1,6,39
7.4,7.7,0.0,0.0,0.0,7.8,7.6,8.2,7.0,7.0,7.1,7.6,7.7,7.0,6.8,7.3,7.6,7.5,19,11,4,9,29,34,12,7,4,3,6,39
7.2,7.5,0.0,0.0,0.0,7.9,8.0,7.8,6.8,6.6,7.1,7.0,7.1,5.7,6.9,7.1,7.4,7.3,18,35,19,47,29,12,8,6,2,1,4,39
5.9,6.4,0.0,0.0,0.0,6.6,6.7,6.0,5.9,5.7,6.5,5.7,5.7,7.5,6.0,5.5,6.5,6.0,17,14,2,19,24,37,9,5,8,2,9,39
7.3,7.5,0.0,0.0,0.0,7.6,7.5,7.6,7.2,7.0,7.6,7.3,7.4,6.5,6.9,7.0,7.5,7.4,16,36,19,43,39,21,6,0,2,1,6,39
7.5,8.3,0.0,0.0,0.0,8.3,8.1,8.6,7.2,7.0,8.0,7.5,7.6,6.6,7.2,7.4,7.9,7.6,15,25,13,32,47,20,7,3,2,1,6,39
7.3,7.4,0.0,0.0,0.0,7.8,7.8,7.2,7.2,7.0,7.7,7.2,7.3,5.7,6.8,6.8,7.8,7.3,14,12,2,21,32,24,10,8,4,3,14,39
8.3,9.1,0.0,0.0,0.0,9.1,9.0,9.4,7.9,7.5,8.8,7.7,7.8,7.3,7.1,7.8,8.9,8.4,13,19,1,11,26,42,28,9,6,5,10,39
6.2,6.6,0.0,0.0,0.0,6.7,6.9,6.2,6.0,5.8,6.8,6.1,5.9,7.2,6.4,5.8,6.5,6.0,12,29,5,18,43,26,17,6,5,4,11,39
6.8,7.6,0.0,0.0,0.0,7.4,7.3,7.5,7.0,6.6,8.2,6.4,6.6,5.3,6.9,6.7,7.2,7.0,11,20,12,37,40,12,6,3,3,2,6,39
6.5,7.1,0.0,0.0,0.0,7.5,7.4,8.3,6.1,6.0,6.5,6.3,6.5,5.3,6.6,6.3,7.1,6.5,10,32,14,32,46,17,9,5,2,3,10,39
6.2,7.2,0.0,0.0,0.0,7.0,6.8,7.7,5.8,5.6,6.5,6.5,6.5,7.5,6.3,6.0,7.0,6.3,9,204,96,48,26,10,4,3,4,5,13,39
7.2,7.4,0.0,0.0,0.0,7.9,7.8,8.6,6.9,6.8,6.8,6.8,7.1,5.0,7.1,6.8,7.8,7.2,8,14,11,26,37,23,7,4,2,1,4,39
6.0,7.1,0.0,0.0,0.0,6.9,6.7,7.4,6.3,6.2,6.3,5.8,5.3,7.7,6.2,6.0,6.4,6.2,7,26,13,36,42,16,11,4,2,1,6,39
6.3,7.1,0.0,0.0,0.0,6.6,6.6,6.9,6.3,6.1,6.7,6.6,6.3,7.7,6.6,6.2,6.7,6.2,6,55,21,35,31,23,11,4,3,2,6,39
7.4,7.4,0.0,0.0,0.0,7.8,7.9,7.7,6.8,6.8,7.0,7.2,7.2,6.0,7.0,7.1,7.5,7.4,5,54,22,40,39,19,8,4,2,2,8,39
7.4,7.3,0.0,0.0,0.0,7.8,7.8,7.5,7.3,7.0,8.2,7.1,7.5,5.3,7.3,7.1,7.7,7.4,4,40,27,57,27,10,14,3,1,2,6,39
6.6,6.3,0.0,0.0,0.0,7.1,7.1,6.8,6.3,6.1,6.7,6.0,6.3,4.7,6.4,6.2,6.8,6.5,3,21,20,33,41,24,15,4,2,1,4,39
7.4,7.8,0.0,0.0,0.0,7.9,7.8,7.9,7.2,7.0,7.8,7.3,7.2,6.5,7.0,6.8,7.7,7.4,2,12,10,24,47,36,17,12,6,3,7,39
6.1,6.9,0.0,0.0,0.0,6.8,6.5,7.4,6.0,5.8,6.3,6.2,5.9,7.0,6.2,6.3,6.3,6.2,1,20,21,28,51,43,18,9,4,5,24,39
6.5,6.9,0.0,0.0,0.0,7.3,7.2,7.4,6.2,6.0,6.6,5.8,5.9,5.7,6.6,6.3,6.9,6.5,0,31,23,59,58,19,7,4,2,1,8,39
6.0,6.2,0.0,0.0,0.0,6.6,6.7,6.6,6.0,5.8,6.2,5.7,5.7,6.8,6.0,5.5,6.5,6.0,20,32,14,30,26,10,5,4,3,2,7,38
7.1,7.3,0.0,0.0,0.0,7.6,7.4,8.1,7.0,7.2,6.3,5.9,6.0,5.5,6.6,6.9,6.9,7.1,19,32,7,25,36,11,6,3,1,1,8,38
6.3,7.2,0.0,0.0,0.0,7.3,7.0,8.1,5.8,5.7,5.9,6.6,6.5,6.7,6.3,6.2,6.8,6.5,18,30,15,29,30,12,8,3,1,0,4,38
6.7,7.4,0.0,0.0,0.0,7.5,7.3,7.7,6.4,6.1,7.3,6.4,6.6,5.7,6.7,6.2,7.4,6.9,17,7,1,6,11,15,27,13,3,3,12,38
7.1,7.7,0.0,0.0,0.0,7.9,7.7,8.4,6.5,6.3,7.1,7.1,7.2,6.8,6.6,6.9,7.5,7.3,16,29,13,17,33,22,6,2,2,2,7,38
6.5,6.5,0.0,0.0,0.0,7.0,7.0,6.7,6.3,6.1,6.7,5.4,5.5,5.5,6.5,6.1,6.7,6.4,15,106,62,52,23,10,3,2,3,1,11,38
6.8,7.5,0.0,0.0,0.0,7.5,7.4,7.9,6.6,6.3,7.4,6.4,6.5,5.7,7.0,6.4,7.1,6.9,14,21,7,20,30,29,13,4,2,3,11,38
7.3,8.1,0.0,0.0,0.0,8.0,7.7,8.4,7.4,7.2,8.2,6.3,6.4,6.0,7.4,6.9,7.8,7.5,13,40,19,28,40,25,10,5,2,2,7,38
6.7,7.4,0.0,0.0,0.0,7.7,7.8,7.0,6.3,5.8,7.7,6.8,7.1,7.3,7.3,6.4,7.6,6.6,12,32,3,10,16,22,22,16,16,8,66,38
5.2,6.9,0.0,0.0,0.0,7.1,6.9,6.9,4.8,4.5,6.6,5.3,4.9,10.0,6.3,5.1,6.3,5.7,11,26,9,21,32,31,14,10,1,3,10,38
6.1,6.8,0.0,0.0,0.0,7.0,6.9,6.9,5.8,5.7,6.2,6.3,5.9,10.0,6.3,5.9,6.4,6.1,10,39,10,32,45,33,16,8,4,2,10,38
7.1,8.0,0.0,0.0,0.0,8.1,8.0,8.3,6.9,6.6,8.0,7.4,7.7,5.7,7.5,7.1,7.5,7.4,9,38,19,43,27,18,8,2,1,1,3,38
6.3,7.5,0.0,0.0,0.0,7.4,6.9,8.5,6.1,5.9,6.8,6.1,6.3,5.8,6.5,6.2,7.0,6.6,8,22,8,19,29,23,10,5,8,4,6,38
6.0,7.0,0.0,0.0,0.0,6.6,6.3,7.3,5.9,5.7,6.5,6.2,5.8,8.0,6.2,5.8,6.4,6.2,7,31,5,24,36,27,15,12,3,2,7,38
5.8,7.1,0.0,0.0,0.0,6.7,6.4,7.6,5.7,5.6,6.3,6.0,5.5,8.0,6.3,5.5,6.6,6.0,6,34,16,48,37,20,9,2,1,1,8,38
7.3,7.5,0.0,0.0,0.0,7.8,7.9,7.7,6.9,6.5,7.4,7.6,7.9,6.8,7.5,6.8,7.6,7.4,5,42,18,42,47,21,10,2,2,3,8,38
6.3,7.3,0.0,0.0,0.0,7.2,6.8,8.0,6.2,6.1,6.3,6.1,5.7,8.3,6.6,5.9,6.9,6.5,4,40,19,30,45,21,13,1,1,1,7,38
5.8,6.9,0.0,0.0,0.0,6.8,6.3,7.5,5.6,5.5,6.0,6.1,5.8,7.2,6.2,6.0,5.8,6.2,3,18,7,16,40,34,13,5,1,1,5,38
6.8,7.1,0.0,0.0,0.0,7.3,7.1,7.7,6.7,6.6,7.1,5.8,5.9,5.4,7.0,6.3,7.1,6.9,2,17,4,12,27,48,23,8,4,1,6,38
7.1,8.4,0.0,0.0,0.0,8.1,7.6,8.9,7.3,6.9,8.0,6.9,7.0,6.6,7.1,7.1,7.7,7.5,1,36,14,25,49,35,10,9,3,3,7,38
4.7,4.4,0.0,0.0,0.0,4.7,5.3,3.9,4.4,4.4,4.5,4.8,4.3,7.0,5.4,4.0,5.1,4.4,0,61,43,64,47,23,12,2,1,1,6,38
6.8,7.9,0.0,0.0,0.0,7.7,7.3,8.5,6.6,6.5,6.7,7.3,6.9,7.6,6.6,6.7,7.3,7.1,21,36,24,41,23,16,5,2,0,0,3,37
6.0,6.4,0.0,0.0,0.0,6.8,6.4,8.0,5.8,5.8,5.6,6.2,6.1,6.2,6.6,6.0,6.2,6.0,20,21,12,33,24,10,4,2,1,1,3,37
7.4,7.5,0.0,0.0,0.0,7.9,7.9,7.8,7.0,7.0,7.2,7.1,7.1,6.6,7.1,7.0,7.6,7.4,19,16,6,8,33,23,11,7,2,2,7,37
6.2,6.8,0.0,0.0,0.0,6.9,6.6,7.3,6.3,6.3,6.1,5.9,5.6,6.6,6.6,6.3,6.6,6.3,18,10,7,15,39,22,10,2,2,1,4,37
7.8,7.5,0.0,0.0,0.0,8.4,8.3,8.4,7.6,7.5,7.4,7.1,7.4,5.5,7.5,7.6,7.8,7.9,17,46,19,26,32,15,7,2,1,2,7,37
8.0,8.9,0.0,0.0,0.0,8.8,8.7,9.1,8.4,8.1,8.9,6.8,6.9,6.5,7.4,7.8,8.4,8.1,16,22,10,14,41,26,8,2,2,1,4,37
6.6,8.2,0.0,0.0,0.0,7.9,7.4,9.2,6.5,6.1,7.6,6.6,6.5,6.6,6.9,6.4,7.2,6.9,15,19,5,12,31,24,24,15,7,2,17,37
6.0,7.2,0.0,0.0,0.0,7.0,7.1,7.5,6.1,5.8,6.9,5.1,4.7,7.0,6.3,6.1,6.4,6.2,14,48,26,51,22,13,4,2,1,0,5,37
6.1,6.4,0.0,0.0,0.0,7.2,7.4,7.2,5.9,5.9,6.0,6.0,5.4,7.7,6.4,6.1,6.4,6.3,13,35,16,40,36,16,10,3,1,1,4,37
7.4,8.4,0.0,0.0,0.0,7.9,7.7,8.9,7.3,7.1,8.0,7.4,7.5,7.1,7.5,7.1,7.9,7.4,12,14,1,16,29,36,14,8,5,1,7,37
6.6,7.1,0.0,0.0,0.0,7.8,8.0,7.7,6.4,5.9,7.3,6.3,5.9,7.0,7.6,6.4,7.1,6.8,11,28,15,19,35,39,11,5,4,3,8,37
6.4,6.9,0.0,0.0,0.0,6.9,6.9,7.1,6.3,5.9,7.7,5.5,5.8,4.7,6.9,6.3,6.5,6.4,10,14,3,7,19,36,15,11,2,4,9,37
6.1,7.7,0.0,0.0,0.0,7.0,7.2,7.3,6.0,5.7,7.4,6.7,5.9,9.0,7.2,6.7,6.1,6.3,9,87,53,48,23,7,4,2,1,1,10,37
5.9,6.4,0.0,0.0,0.0,6.6,6.9,6.7,6.0,6.0,6.2,5.6,5.2,7.0,6.5,5.9,6.2,5.9,8,31,12,27,41,23,9,2,1,1,6,37
7.3,7.4,0.0,0.0,0.0,8.1,7.9,9.3,7.0,7.1,6.2,6.6,6.9,5.2,6.8,7.2,7.3,7.3,7,16,6,19,27,26,12,2,0,0,6,37
6.1,8.0,0.0,0.0,0.0,7.3,7.0,8.2,6.4,6.2,7.3,5.5,4.1,8.3,6.6,6.5,6.5,6.4,6,37,15,32,37,14,4,2,1,0,7,37
7.6,8.0,0.0,0.0,0.0,8.6,8.3,9.0,7.4,7.3,7.5,7.1,7.1,7.0,7.5,7.4,8.1,7.7,5,33,15,28,40,21,3,4,1,3,7,37
6.8,7.6,0.0,0.0,0.0,7.8,7.2,8.7,6.6,6.5,7.2,6.1,6.5,4.7,6.9,7.0,6.8,7.1,4,30,9,25,35,25,11,2,1,1,3,37
7.2,8.3,0.0,0.0,0.0,8.5,8.3,8.8,7.2,7.0,8.0,6.7,6.6,6.8,7.3,7.2,7.7,7.6,3,13,3,11,25,50,14,7,4,4,9,37
7.5,8.3,0.0,0.0,0.0,8.2,7.9,9.0,7.5,7.3,8.0,7.5,7.6,6.6,7.4,7.5,7.6,7.7,2,28,9,28,42,19,10,4,0,0,3,37
7.7,7.4,0.0,0.0,0.0,8.1,7.8,8.9,7.9,8.1,7.0,6.6,6.8,5.8,7.4,7.6,7.7,7.7,1,41,21,34,35,14,10,2,3,3,7,37
6.1,7.5,0.0,0.0,0.0,7.4,7.0,8.2,6.3,6.2,6.7,5.9,5.3,8.5,6.5,6.3,6.6,6.5,0,26,16,44,39,14,9,2,2,1,9,37
6.6,6.8,0.0,0.0,0.0,7.0,7.0,6.9,6.6,6.5,6.8,6.3,6.4,6.0,6.8,6.4,6.8,6.7,21,90,50,43,18,4,6,4,2,1,12,36
5.6,6.8,0.0,0.0,0.0,6.9,6.6,7.7,5.3,5.1,5.7,5.9,5.5,6.8,6.2,6.2,5.5,5.9,20,6,8,11,13,24,12,7,3,2,8,36
7.5,7.9,0.0,0.0,0.0,8.0,7.9,7.9,7.8,7.5,8.9,6.5,6.9,4.8,7.3,7.3,8.0,7.8,19,20,8,18,35,14,9,1,1,1,9,36
7.1,7.8,0.0,0.0,0.0,8.1,8.0,8.8,6.7,6.6,7.3,6.1,6.2,6.0,7.2,7.0,7.4,7.0,18,10,5,13,22,20,8,4,4,3,4,36
8.1,8.0,0.0,0.0,0.0,8.7,8.5,9.5,7.7,7.8,6.7,7.8,8.2,7.0,8.2,7.5,8.6,8.0,17,9,6,8,23,23,13,7,2,2,5,36
6.5,6.7,0.0,0.0,0.0,7.6,7.9,7.3,6.0,5.9,7.0,5.9,6.3,5.0,6.7,6.7,6.1,6.7,16,16,16,28,31,17,8,2,1,1,7,36
7.7,7.8,0.0,0.0,0.0,8.4,8.3,8.9,7.2,7.3,6.3,7.3,7.5,6.5,7.7,7.4,7.9,7.7,15,15,5,12,34,22,15,4,3,3,10,36
7.5,7.4,0.0,0.0,0.0,8.2,8.3,7.9,7.0,7.0,7.0,7.3,7.5,6.8,7.5,7.4,7.3,7.4,14,14,5,10,27,28,10,4,3,3,10,36
7.7,8.4,0.0,0.0,0.0,8.6,8.5,9.0,7.7,7.6,7.9,7.0,7.2,6.0,7.9,7.3,8.2,7.9,13,20,13,21,32,16,3,1,0,1,6,36
7.1,8.3,0.0,0.0,0.0,8.4,8.3,8.9,6.9,6.5,9.0,7.3,8.0,6.2,7.4,6.8,8.1,7.6,12,24,19,27,40,8,6,2,1,0,9,36
6.5,7.1,0.0,0.0,0.0,6.9,6.5,8.6,6.4,5.9,7.3,6.5,7.4,4.9,6.7,6.4,6.9,7.1,11,9,5,18,31,24,6,5,2,2,7,36
7.2,8.1,0.0,0.0,0.0,7.9,8.0,8.6,7.4,6.9,8.4,6.7,7.1,5.7,6.6,7.2,7.7,7.2,10,24,14,28,31,22,2,2,2,2,7,36
6.5,7.5,0.0,0.0,0.0,7.9,7.6,8.5,6.7,6.5,7.6,4.9,5.4,4.0,6.6,6.6,6.9,7.1,9,13,2,9,15,38,16,5,0,3,5,36
7.2,7.8,0.0,0.0,0.0,8.4,8.3,8.9,6.9,6.8,7.2,6.8,7.1,5.7,6.9,6.6,8.1,7.4,8,13,9,14,28,30,7,3,1,0,11,36
7.8,7.6,0.0,0.0,0.0,8.0,7.9,8.1,7.8,7.7,8.0,7.2,7.9,5.7,7.6,7.8,7.5,7.9,7,10,6,10,22,31,18,4,6,1,9,36
7.4,7.3,0.0,0.0,0.0,8.1,8.0,8.7,7.0,7.2,6.9,6.6,6.8,6.0,7.1,6.8,7.6,7.4,6,26,9,20,30,19,4,4,2,2,5,36
7.6,7.1,0.0,0.0,0.0,8.5,8.8,7.8,7.2,7.0,7.7,7.1,7.8,4.5,7.2,7.4,7.8,7.3,5,22,5,12,27,32,9,8,2,0,7,36
8.2,8.4,0.0,0.0,0.0,9.0,9.0,9.2,8.1,8.1,7.8,6.9,7.0,6.5,7.1,8.2,8.1,8.2,4,17,7,14,35,22,6,2,2,2,6,36
7.0,6.8,0.0,0.0,0.0,7.6,7.7,7.0,6.6,6.3,7.3,7.2,7.5,5.7,7.3,6.7,7.1,7.1,3,33,5,23,37,25,6,3,2,2,7,36
7.5,7.6,0.0,0.0,0.0,7.9,8.0,8.3,7.6,7.5,9.0,7.0,7.3,6.8,7.0,7.4,7.7,7.4,2,13,4,13,22,21,14,6,0,4,6,36
6.1,7.7,0.0,0.0,0.0,7.1,7.1,7.7,6.3,6.0,7.3,6.2,5.4,7.8,6.8,6.4,6.8,6.5,1,23,5,15,48,17,8,2,3,2,6,36
7.5,7.9,0.0,0.0,0.0,8.0,7.9,8.3,7.6,7.5,7.8,7.3,7.6,6.0,7.7,7.4,7.8,7.5,0,33,16,34,34,13,4,2,3,2,9,36
7.2,7.5,0.0,0.0,0.0,8.1,8.3,8.2,7.1,6.9,7.4,6.3,6.4,5.7,6.8,6.9,7.5,7.4,21,13,8,14,32,8,5,2,2,4,9,35
7.4,8.3,0.0,0.0,0.0,8.4,8.2,8.6,7.5,7.1,8.4,6.8,7.0,6.2,7.2,7.5,8.1,7.8,20,179,71,43,15,4,6,4,5,2,14,35
6.4,7.0,0.0,0.0,0.0,6.8,6.6,8.0,6.7,6.5,7.3,5.7,6.1,4.5,7.0,6.5,6.7,6.8,19,13,4,6,6,26,14,8,5,3,10,35
7.2,7.1,0.0,0.0,0.0,7.3,6.7,8.1,7.3,7.1,9.0,7.5,8.6,4.8,6.8,7.2,7.4,7.4,18,8,3,7,17,29,13,5,4,0,5,35
5.6,5.6,0.0,0.0,0.0,5.0,6.0,5.0,5.8,5.7,7.3,5.3,5.1,6.0,6.3,5.3,6.0,5.7,17,47,12,28,28,17,3,6,0,0,14,35
7.3,7.0,0.0,0.0,0.0,7.7,7.5,7.6,7.5,7.4,7.6,7.1,7.5,6.0,7.0,6.8,7.7,7.5,16,14,2,12,27,16,12,6,1,1,5,35
6.2,7.4,0.0,0.0,0.0,7.1,7.2,7.5,6.3,6.1,8.8,5.4,5.3,5.8,6.8,6.5,6.0,6.7,15,41,13,31,28,12,4,0,0,3,7,35
5.0,6.4,0.0,0.0,0.0,6.3,6.1,7.0,5.0,4.9,6.0,4.7,4.3,5.7,6.5,4.9,6.0,5.5,14,10,3,11,19,22,15,5,3,1,6,35
4.8,6.3,0.0,0.0,0.0,6.0,6.3,6.1,4.8,4.4,7.1,4.3,4.1,5.3,6.1,5.6,4.1,5.6,13,8,2,6,13,31,12,2,3,4,5,35
5.7,7.4,0.0,0.0,0.0,6.2,6.3,7.2,6.0,5.3,7.4,5.9,5.5,7.0,7.1,5.9,6.3,6.5,12,21,16,25,26,18,5,0,0,1,7,35
6.3,7.0,0.0,0.0,0.0,6.6,6.1,7.2,6.6,6.4,7.1,6.2,6.4,5.7,7.1,6.4,6.4,6.7,11,6,5,12,26,27,3,2,3,1,5,35
5.5,7.2,0.0,0.0,0.0,6.2,4.8,7.8,6.5,6.4,6.8,5.2,5.0,6.3,6.5,6.0,5.6,6.4,10,8,4,9,11,22,11,6,2,2,4,35
6.1,7.1,0.0,0.0,0.0,5.7,5.8,6.4,6.5,6.5,7.0,5.9,5.1,9.0,6.6,5.9,6.4,6.5,9,23,12,16,35,13,12,3,1,0,8,35
5.2,6.8,0.0,0.0,0.0,5.7,5.8,5.7,5.5,4.5,6.5,5.7,4.7,9.5,5.8,5.7,5.2,5.9,8,29,10,8,12,23,20,11,5,2,5,35
5.7,7.1,0.0,0.0,0.0,6.4,6.2,7.0,6.0,5.7,6.2,6.3,5.2,8.2,6.3,6.4,5.9,6.3,7,19,8,18,22,25,12,8,0,1,6,35
7.6,8.8,0.0,0.0,0.0,8.7,7.7,9.3,7.8,7.7,8.2,7.7,7.8,6.8,7.4,8.3,7.9,8.0,6,29,15,27,27,17,7,2,1,0,5,35
7.3,7.9,0.0,0.0,0.0,8.0,7.6,8.4,6.7,6.4,7.0,8.4,8.2,8.5,7.3,7.8,6.7,7.6,5,8,0,3,7,12,25,14,5,6,21,35
6.1,7.2,0.0,0.0,0.0,6.7,5.7,8.0,6.8,6.8,6.7,5.9,5.9,6.8,6.8,6.6,5.7,6.6,4,40,13,24,35,24,11,2,2,3,8,35
6.7,6.7,0.0,0.0,0.0,7.9,7.9,8.2,6.0,6.2,6.0,6.3,6.4,6.0,6.4,6.3,6.9,6.9,3,26,4,25,30,10,12,2,2,0,4,35
6.4,7.3,0.0,0.0,0.0,7.3,7.4,7.8,6.5,6.2,6.6,6.4,6.1,7.2,5.9,7.2,5.8,6.8,2,7,4,6,19,31,13,9,2,1,6,35
5.9,6.1,0.0,0.0,0.0,6.7,7.1,5.8,6.0,5.5,6.6,5.9,5.7,6.0,6.9,5.8,6.3,6.2,1,38,15,25,43,23,14,3,3,1,5,35
3.7,5.1,0.0,0.0,0.0,4.6,3.8,5.9,4.0,4.0,4.0,3.8,3.4,5.9,5.1,4.6,3.2,5.2,0,20,3,9,31,25,22,7,4,3,12,35
5.6,6.5,0.0,0.0,0.0,6.3,6.4,6.7,6.2,5.9,6.4,5.3,4.8,7.5,5.8,5.6,6.6,6.1,21,28,23,30,23,9,5,0,1,0,6,34
6.0,6.2,0.0,0.0,0.0,7.1,7.8,6.2,5.8,5.5,6.5,5.7,5.8,5.3,5.8,6.2,6.6,6.2,20,60,37,40,13,5,1,1,2,2,12,34
4.4,5.7,0.0,0.0,0.0,5.2,5.2,5.3,4.6,3.9,5.5,4.8,4.2,7.5,5.7,4.8,4.7,5.1,19,34,7,8,19,15,11,3,2,1,7,34
5.6,7.3,0.0,0.0,0.0,7.2,4.5,8.0,5.2,4.9,5.8,6.8,6.6,7.3,6.4,5.9,6.6,6.5,18,9,2,13,10,20,8,5,1,2,7,34
4.1,5.7,0.0,0.0,0.0,4.3,4.3,4.8,5.4,5.0,6.2,4.0,3.4,7.0,5.1,4.4,5.0,4.7,17,9,3,13,12,17,7,3,2,4,5,34
5.6,6.0,0.0,0.0,0.0,7.2,7.1,7.6,6.0,5.9,6.1,3.8,3.8,3.8,6.5,4.9,6.8,6.2,16,16,12,20,18,8,6,0,1,0,6,34
4.5,6.6,0.0,0.0,0.0,6.4,6.5,6.7,4.8,4.5,5.8,5.1,4.5,8.5,5.8,4.9,5.1,5.6,15,20,2,16,19,14,12,1,1,2,8,34
6.8,7.6,0.0,0.0,0.0,8.0,7.6,10.0,7.2,7.3,6.6,6.8,6.6,7.7,7.1,6.7,7.3,7.4,14,12,2,7,25,15,5,3,2,2,7,34
5.6,6.4,0.0,0.0,0.0,6.9,7.0,7.0,5.5,5.4,5.8,5.1,4.9,4.2,6.3,5.4,5.9,5.8,13,9,4,12,18,17,3,1,7,2,6,34
6.0,6.7,0.0,0.0,0.0,7.2,7.1,8.5,5.4,5.0,6.3,6.1,6.4,4.5,6.1,6.2,4.7,6.4,12,7,1,6,15,20,11,5,0,3,6,34
4.5,6.2,0.0,0.0,0.0,6.2,5.9,6.5,4.8,4.3,5.5,4.6,3.8,6.8,5.3,5.0,4.4,5.5,11,26,6,22,22,12,9,1,0,0,10,34
3.5,5.7,0.0,0.0,0.0,5.0,6.2,6.5,3.5,3.1,5.0,3.8,3.1,8.0,4.1,4.4,2.7,4.5,10,13,5,14,14,25,7,1,1,2,6,34
5.0,5.7,0.0,0.0,0.0,5.4,6.2,5.1,5.0,4.7,5.0,5.3,4.8,8.0,6.0,5.2,3.7,5.7,9,22,13,14,22,6,4,3,1,1,7,34
4.2,5.7,0.0,0.0,0.0,4.1,4.0,7.0,4.9,5.0,4.8,4.3,3.7,7.5,5.0,4.2,4.4,4.8,8,10,1,4,15,12,3,2,0,4,4,34
6.6,7.8,0.0,0.0,0.0,7.6,7.1,10.0,5.9,5.4,6.8,7.3,7.1,8.0,7.2,6.6,6.5,7.4,7,31,18,31,19,11,0,1,3,3,6,34
2.7,3.8,0.0,0.0,0.0,3.5,3.3,4.2,2.3,2.0,3.1,3.5,3.2,4.2,4.3,2.7,2.8,3.3,6,18,9,15,22,16,5,2,2,2,5,34
5.5,6.0,0.0,0.0,0.0,5.6,6.0,5.4,5.5,5.5,5.3,5.6,4.9,8.0,6.1,5.1,5.9,5.6,5,23,11,30,15,9,2,6,0,1,4,34
5.9,7.7,0.0,0.0,0.0,7.8,7.4,10.0,5.9,5.6,6.8,5.7,5.2,8.0,6.4,5.7,6.4,6.8,4,30,9,22,28,12,5,0,0,0,8,34
5.2,6.7,0.0,0.0,0.0,7.1,7.5,8.7,5.0,4.8,6.5,5.6,5.3,7.0,6.3,5.7,4.6,6.1,3,36,14,29,27,10,8,1,2,2,7,34
4.7,6.5,0.0,0.0,0.0,5.3,4.2,7.2,4.9,4.4,5.7,5.8,5.3,7.0,6.1,4.9,4.7,5.9,2,13,0,8,27,12,5,6,4,2,3,34
5.5,8.0,0.0,0.0,0.0,6.2,5.2,10.0,5.3,5.1,6.3,6.4,6.0,8.5,6.9,6.0,4.9,5.9,1,24,7,19,25,18,11,4,3,1,9,34
5.8,7.6,0.0,0.0,0.0,6.6,6.2,10.0,5.9,5.8,6.3,6.6,5.7,8.7,6.5,6.0,6.4,6.3,0,25,4,9,10,21,19,9,7,5,9,34
5.0,6.1,0.0,0.0,0.0,5.3,4.0,6.0,5.2,5.2,5.1,6.1,5.4,7.2,5.8,5.3,4.6,5.9,11,30,8,25,10,8,2,0,2,1,5,33
5.4,8.1,0.0,0.0,0.0,6.8,5.5,10.0,5.7,5.2,7.1,6.2,5.4,7.9,6.0,6.1,5.6,6.5,10,30,7,18,9,6,3,3,1,2,4,33
4.5,6.9,0.0,0.0,0.0,6.2,5.9,10.0,5.0,4.6,5.6,4.9,4.1,9.0,6.2,4.6,5.3,5.3,9,13,2,15,25,8,4,1,2,0,5,33
7.1,7.0,0.0,0.0,0.0,7.7,7.5,9.0,7.0,7.2,6.4,6.2,6.5,4.3,6.9,6.6,7.5,6.9,8,36,16,19,12,7,3,0,4,0,6,33
4.5,6.4,0.0,0.0,0.0,6.3,6.0,6.7,4.4,4.3,6.2,4.7,3.9,7.5,6.4,4.9,4.8,5.7,7,19,0,10,22,9,5,3,3,0,9,33
4.2,6.4,0.0,0.0,0.0,6.6,6.3,10.0,4.1,4.2,4.0,4.0,2.4,8.0,5.0,4.3,4.6,5.1,6,26,7,24,15,6,4,3,1,1,4,33
6.8,6.5,0.0,0.0,0.0,7.8,8.7,6.6,6.8,7.0,5.7,5.8,4.9,8.5,7.0,6.7,6.9,6.7,5,38,10,23,14,8,5,2,9,1,7,33
5.1,6.0,0.0,0.0,0.0,6.8,5.7,9.0,5.2,5.6,3.0,4.9,3.0,8.0,5.8,5.4,4.9,5.9,4,37,8,26,17,9,3,1,1,0,6,33
4.4,5.7,0.0,0.0,0.0,6.1,3.9,10.0,4.7,4.1,5.8,2.4,3.6,1.0,5.9,4.9,3.4,5.6,3,19,4,19,9,4,3,1,0,1,5,33
5.6,7.3,0.0,0.0,0.0,8.5,7.5,10.0,5.4,5.3,6.0,5.3,5.0,6.0,5.8,6.3,4.7,5.6,2,23,5,9,14,5,6,3,0,3,6,33
5.1,7.5,0.0,0.0,0.0,6.9,8.0,7.6,5.6,5.5,7.0,4.6,3.3,8.0,5.4,5.7,4.5,6.2,1,20,5,12,21,8,3,1,0,2,6,33
5.5,7.2,0.0,0.0,0.0,7.3,7.0,9.0,5.2,5.3,4.5,5.5,4.3,8.5,6.5,5.9,4.7,6.2,0,29,3,13,24,6,13,1,1,1,8,33
4.6,7.6,0.0,0.0,0.0,7.3,4.0,10.0,5.2,4.9,6.0,5.1,4.1,8.3,6.2,5.1,5.0,5.8,19,27,2,17,12,7,2,4,1,2,6,32
3.8,6.7,0.0,0.0,0.0,5.4,5.0,10.0,4.3,4.3,6.0,4.1,2.9,7.0,5.3,4.6,3.6,5.3,18,16,5,15,6,6,1,0,0,0,3,32
6.3,7.4,0.0,0.0,0.0,7.3,7.2,8.2,5.8,5.2,8.0,7.0,7.5,6.1,7.3,6.5,6.6,7.1,17,25,4,17,15,11,3,1,0,2,6,32
6.0,7.2,0.0,0.0,0.0,7.4,8.2,7.2,6.1,6.0,7.0,4.9,3.6,7.7,6.4,6.0,6.0,6.4,16,58,5,23,14,7,5,1,1,2,15,32
3.0,4.5,0.0,0.0,0.0,3.5,3.3,3.9,3.1,3.0,4.0,3.6,2.5,5.3,4.6,3.5,2.6,3.7,15,50,31,24,10,9,4,0,1,2,6,32
5.3,7.7,0.0,0.0,0.0,6.9,6.4,7.7,5.5,5.0,6.7,5.8,4.9,8.5,6.6,5.9,5.6,5.8,14,12,3,10,22,3,3,1,0,1,5,32
4.4,6.5,0.0,0.0,0.0,4.0,4.0,5.5,4.8,4.5,7.0,4.7,3.3,7.0,6.1,4.8,3.6,4.6,13,21,6,16,11,5,8,1,1,1,5,32
4.1,6.3,0.0,0.0,0.0,4.2,4.5,5.5,4.1,4.0,5.0,4.8,3.7,7.5,6.3,4.5,3.7,4.6,12,7,0,5,13,9,7,1,2,1,2,32
4.6,5.6,0.0,0.0,0.0,7.4,8.0,9.0,4.2,4.7,3.4,4.8,3.3,8.3,5.2,5.4,3.4,5.2,11,20,4,18,17,8,2,1,0,0,6,32
6.5,8.4,0.0,0.0,0.0,8.9,8.2,9.7,6.6,6.3,7.1,6.4,5.8,8.5,7.4,7.2,6.1,7.5,10,23,3,16,11,6,1,4,1,1,6,32
4.7,6.6,0.0,0.0,0.0,5.5,6.7,7.7,5.0,4.7,5.5,5.6,3.7,8.5,5.5,5.2,4.9,5.3,9,38,6,19,14,7,6,2,1,0,6,32
4.8,6.7,0.0,0.0,0.0,7.9,6.5,9.3,4.2,4.3,1.0,5.2,4.3,8.0,6.0,5.9,3.1,5.4,8,101,37,33,11,8,2,1,0,2,13,32
4.6,7.5,0.0,0.0,0.0,5.5,4.0,7.2,4.6,4.6,7.0,5.7,4.5,7.3,6.5,5.5,3.9,5.6,7,14,3,4,14,8,2,4,0,1,6,32
3.4,4.9,0.0,0.0,0.0,4.6,5.7,5.2,3.1,3.5,1.0,3.5,2.5,10.0,4.8,3.7,2.8,3.9,6,20,6,8,11,9,5,4,0,1,3,32
4.3,10.0,0.0,0.0,0.0,6.2,5.8,10.0,4.1,4.1,4.2,3.1,10.0,6.2,5.0,3.4,4.9,0.0,5,4,1,1,10,16,3,2,2,3,4,32
4.1,7.0,0.0,0.0,0.0,3.9,1.7,5.5,4.3,4.3,4.9,3.8,10.0,6.1,4.4,3.0,4.5,0.0,4,24,3,26,12,9,2,1,1,1,6,32
5.5,7.1,0.0,0.0,0.0,6.8,8.0,7.5,5.5,5.3,8.0,6.2,5.6,7.5,6.3,5.8,5.5,5.9,3,29,13,18,16,5,3,7,0,1,7,32
3.2,5.2,0.0,0.0,0.0,4.8,2.0,5.5,3.1,3.1,2.5,4.0,3.2,10.0,5.1,3.5,2.1,4.0,2,18,5,7,15,16,5,2,3,1,7,32
6.1,7.8,0.0,0.0,0.0,7.2,6.3,10.0,5.7,5.9,6.0,6.6,6.3,10.0,6.7,6.4,5.3,6.7,1,9,0,3,5,17,4,2,4,1,10,32
5.4,6.8,0.0,0.0,0.0,7.1,8.0,8.0,5.0,5.1,4.0,6.2,5.4,10.0,6.3,6.0,4.8,6.1,0,20,6,3,12,12,11,4,4,2,24,32
5.5,6.4,0.0,0.0,0.0,6.2,7.7,7.0,5.1,5.1,5.0,6.7,6.1,10.0,6.3,5.5,4.9,5.9,18,16,2,8,13,8,1,2,2,1,10,31
4.6,7.5,0.0,0.0,0.0,5.3,5.0,7.8,4.9,4.8,6.0,4.9,4.1,10.0,5.8,5.0,4.2,5.4,17,13,7,8,12,10,5,0,0,1,9,31
5.1,8.2,0.0,0.0,0.0,6.6,8.5,9.5,4.8,4.9,4.0,5.9,5.1,10.0,5.7,5.8,3.8,6.1,16,12,2,8,13,14,5,4,1,2,6,31
5.8,6.1,0.0,0.0,0.0,7.5,6.7,10.0,5.6,5.8,6.3,5.7,5.3,10.0,5.9,6.5,4.3,6.1,15,16,4,4,10,10,4,4,1,0,10,31
5.2,6.8,0.0,0.0,0.0,4.8,6.0,5.7,5.2,5.2,6.0,5.4,4.8,8.0,6.2,5.4,4.6,5.6,14,5,5,3,6,10,7,1,1,3,6,31
5.5,7.8,0.0,0.0,0.0,7.8,7.0,10.0,5.4,5.4,5.0,6.0,5.3,8.0,6.2,6.5,4.7,5.5,13,7,1,2,11,12,10,1,0,0,4,31
4.3,6.3,0.0,0.0,0.0,5.2,6.0,5.5,4.2,4.2,5.0,4.9,3.8,10.0,6.0,4.5,3.5,4.3,12,45,10,18,20,5,4,0,1,1,6,31
4.6,5.6,0.0,0.0,0.0,4.5,5.0,5.3,4.5,4.7,4.0,4.4,4.0,10.0,5.2,4.8,3.4,4.7,11,20,2,15,14,1,6,2,1,1,2,31
4.6,5.7,0.0,0.0,0.0,6.9,8.0,4.5,4.6,4.8,3.5,4.5,4.1,6.2,6.4,4.6,4.4,5.3,10,12,3,4,8,8,7,3,1,2,4,31
5.9,6.0,0.0,0.0,0.0,7.8,7.2,10.0,5.8,6.3,4.2,5.1,3.9,8.2,6.6,5.7,5.8,6.6,9,18,6,5,12,10,9,2,3,1,5,31
6.2,7.5,0.0,0.0,0.0,7.9,8.5,9.0,6.1,6.0,6.3,6.2,5.8,8.0,6.2,6.5,5.6,6.3,8,15,10,8,18,8,3,4,2,2,8,31
6.3,7.6,0.0,0.0,0.0,7.4,7.3,7.0,6.3,6.3,6.5,6.7,6.3,7.7,5.9,6.8,5.8,6.5,7,8,2,5,19,10,2,1,3,2,7,31
5.6,7.9,0.0,0.0,0.0,8.3,7.8,10.0,6.1,6.3,6.3,4.7,4.0,8.5,5.9,5.8,5.5,5.9,6,21,1,2,7,9,12,1,1,4,27,31
5.6,6.5,0.0,0.0,0.0,6.7,8.5,6.9,5.3,5.4,5.7,5.9,5.7,6.3,6.1,5.5,5.9,5.8,5,9,1,3,6,13,5,2,3,2,4,31
5.1,8.3,0.0,0.0,0.0,7.9,7.2,8.0,5.1,5.0,6.0,4.8,4.2,7.0,5.5,5.6,4.0,5.4,4,6,1,6,10,11,5,3,3,0,4,31
5.1,6.9,0.0,0.0,0.0,6.0,7.0,5.5,5.3,5.2,6.5,5.4,4.4,10.0,5.8,5.6,4.0,5.4,3,4,0,1,5,6,9,3,2,3,5,31
7.1,9.0,0.0,0.0,0.0,8.3,8.1,10.0,6.6,6.3,7.1,7.7,6.9,10.0,7.1,7.5,6.9,7.4,2,7,5,2,11,13,1,4,2,0,4,31
5.6,7.8,0.0,0.0,0.0,8.8,9.0,10.0,6.3,6.2,7.7,5.6,5.0,10.0,5.9,6.3,4.8,6.1,1,6,0,3,5,5,8,3,4,3,12,31
4.2,7.2,0.0,0.0,0.0,5.2,6.0,5.5,3.7,3.6,8.0,5.3,4.2,10.0,6.1,5.0,3.0,5.0,0,16,3,6,13,20,5,2,2,6,9,31
5.8,5.3,0.0,0.0,0.0,7.4,8.1,6.9,5.3,5.9,2.1,5.2,5.1,7.0,6.3,6.2,3.6,6.2,19,12,0,5,4,11,8,4,3,0,12,30
6.0,6.4,0.0,0.0,0.0,5.9,8.8,5.5,5.8,5.7,6.5,6.3,5.8,10.0,5.8,6.1,5.5,6.0,18,18,4,5,16,4,7,0,1,0,4,30
5.5,8.0,0.0,0.0,0.0,7.7,7.8,6.7,5.6,5.5,7.0,4.9,4.2,10.0,5.7,6.2,4.2,5.9,17,10,1,4,7,13,10,0,3,0,10,30
5.2,7.5,0.0,0.0,0.0,8.2,8.5,10.0,4.9,4.8,8.0,5.7,4.9,10.0,6.8,6.3,3.2,5.9,16,9,1,4,13,6,6,3,1,0,5,30
6.0,7.9,0.0,0.0,0.0,8.7,8.0,10.0,5.7,5.5,6.0,6.5,5.9,8.3,6.0,6.4,6.2,6.9,15,8,1,3,7,14,7,4,4,2,9,30
6.0,8.0,0.0,0.0,0.0,7.6,7.3,10.0,5.5,5.7,5.0,6.3,5.8,8.7,6.1,6.9,4.3,6.5,14,6,1,3,5,7,2,3,1,7,15,30
4.6,7.9,0.0,0.0,0.0,6.6,5.8,10.0,4.0,4.1,6.3,5.6,4.9,10.0,4.9,6.0,3.4,5.3,13,8,1,4,7,6,5,4,1,4,6,30
5.6,6.5,0.0,0.0,0.0,7.9,6.0,10.0,5.4,5.4,5.6,5.7,5.4,6.3,5.8,6.0,5.0,6.0,12,3,2,0,5,6,8,2,7,3,6,30
5.8,8.0,0.0,0.0,0.0,7.6,7.7,10.0,5.3,5.3,6.0,6.4,6.0,10.0,6.3,6.4,4.5,5.9,11,15,3,4,11,6,2,2,1,0,3,30
5.1,6.8,0.0,0.0,0.0,6.8,6.0,6.2,5.2,5.2,5.5,4.8,4.0,10.0,5.8,5.8,4.3,5.5,10,7,0,0,7,4,7,5,4,5,39,30
6.9,10.0,0.0,0.0,0.0,8.7,9.0,10.0,6.4,6.2,9.0,7.3,6.9,10.0,7.1,7.2,6.1,7.3,9,4,0,2,6,8,5,3,1,0,5,30
5.5,8.2,0.0,0.0,0.0,7.9,7.8,10.0,5.5,5.5,5.7,5.9,4.8,9.7,6.3,6.6,3.2,6.7,8,15,0,4,7,14,7,1,1,1,3,30
7.2,7.2,0.0,0.0,0.0,7.9,8.1,7.3,6.2,6.2,6.2,7.8,7.5,10.0,6.7,7.3,6.4,7.4,7,12,0,6,5,11,7,4,1,2,7,30
5.2,7.4,0.0,0.0,0.0,8.3,8.7,10.0,4.8,4.9,5.7,4.8,3.8,10.0,5.5,6.0,3.2,5.7,6,10,3,2,4,11,9,3,0,0,9,30
6.0,8.9,0.0,0.0,0.0,8.4,8.0,9.7,5.6,5.4,8.3,6.0,5.4,9.0,6.2,6.8,4.4,6.9,5,4,0,3,8,11,7,2,3,0,3,30
4.6,6.0,0.0,0.0,0.0,6.2,7.0,6.0,4.5,4.6,4.8,4.6,3.5,8.5,5.6,5.3,3.8,5.2,4,5,2,2,12,8,5,2,2,0,3,30
5.6,6.5,0.0,0.0,0.0,7.0,7.4,5.5,5.5,5.5,6.8,5.5,4.8,7.0,5.9,5.7,4.9,6.0,3,11,1,5,6,14,9,1,3,3,7,30
5.6,7.5,0.0,0.0,0.0,8.3,9.0,7.0,5.7,5.6,6.3,4.8,4.2,10.0,5.7,6.1,4.2,6.1,2,15,0,8,8,15,5,3,3,1,6,30
7.0,8.1,0.0,0.0,0.0,8.5,8.4,9.7,6.8,6.7,7.1,6.5,5.9,10.0,6.4,7.2,6.8,7.5,1,5,0,1,8,5,11,4,2,0,7,30
5.0,6.5,0.0,0.0,0.0,6.1,6.5,7.0,5.2,5.2,5.6,4.7,4.0,10.0,5.6,5.5,4.1,5.5,0,12,1,6,16,8,4,0,0,1,5,30
6.0,7.2,0.0,0.0,0.0,7.7,8.0,7.7,5.8,5.7,5.9,6.0,5.4,10.0,6.3,6.4,5.0,6.5,19,15,1,1,4,8,7,6,2,1,11,29
4.6,5.6,0.0,0.0,0.0,6.5,6.0,5.5,4.1,4.3,3.2,4.8,4.3,7.3,5.3,4.9,3.6,5.1,18,5,0,3,2,8,7,3,1,6,5,29
4.8,7.0,0.0,0.0,0.0,6.6,7.3,5.5,5.1,5.0,7.7,4.3,3.6,10.0,5.7,5.1,4.0,5.5,17,25,4,9,12,8,6,4,1,0,13,29
5.1,5.8,0.0,0.0,0.0,5.5,8.0,4.0,5.2,5.0,7.7,5.3,4.7,10.0,5.4,5.4,3.8,5.4,16,8,0,2,7,5,6,1,0,2,6,29
5.6,6.3,0.0,0.0,0.0,7.3,8.8,5.3,5.0,4.7,5.9,5.4,5.5,10.0,6.0,5.7,4.3,5.7,15,13,1,0,3,7,2,3,3,2,10,29
5.7,7.1,0.0,0.0,0.0,7.1,7.7,6.7,5.9,5.7,6.3,5.6,5.1,10.0,5.7,6.3,4.9,6.4,14,6,2,3,7,5,2,3,1,3,7,29
4.4,5.7,0.0,0.0,0.0,6.8,7.3,8.3,4.7,4.5,5.3,3.3,3.1,4.3,4.5,4.7,3.7,5.3,13,13,1,5,4,11,10,3,1,1,4,29
4.1,6.9,0.0,0.0,0.0,6.4,5.7,10.0,4.6,4.4,6.0,3.8,3.3,7.0,5.4,4.4,3.7,4.7,12,12,2,1,2,11,6,3,3,0,6,29
5.0,5.1,0.0,0.0,0.0,6.1,6.3,7.0,4.7,5.0,3.6,5.1,4.4,7.5,5.7,4.8,4.7,5.4,11,9,1,1,5,11,6,4,0,0,5,29
5.1,5.8,0.0,0.0,0.0,5.9,5.5,5.5,5.0,5.1,5.5,5.2,4.8,10.0,5.7,5.0,4.6,5.5,10,10,0,3,2,10,8,3,0,2,7,29
6.4,7.5,0.0,0.0,0.0,7.4,7.1,8.5,6.2,6.1,6.3,6.1,5.5,8.5,6.8,6.6,5.8,7.2,9,9,1,0,4,3,4,5,1,2,9,29
5.6,7.8,0.0,0.0,0.0,7.2,7.3,7.5,6.1,5.8,7.3,5.9,5.5,7.0,6.2,6.3,5.0,6.4,8,15,3,3,10,5,3,3,0,1,4,29
5.3,5.0,0.0,0.0,0.0,6.1,7.1,5.6,4.7,5.6,3.3,4.7,4.2,8.0,5.1,5.0,4.9,5.6,7,12,1,2,8,8,4,4,1,1,5,29
3.7,3.8,0.0,0.0,0.0,7.8,8.0,7.2,3.4,4.0,2.7,2.9,2.8,4.3,5.2,3.7,3.3,4.9,6,5,0,0,3,7,1,5,2,7,17,29
5.7,8.2,0.0,0.0,0.0,7.7,6.0,10.0,5.8,5.6,6.7,6.6,6.0,10.0,6.3,6.2,5.1,6.2,5,7,0,4,9,4,7,4,0,0,8,29
6.4,7.4,0.0,0.0,0.0,6.8,7.1,5.5,6.5,6.4,9.0,6.5,6.0,8.5,6.6,6.4,6.4,6.9,4,2,0,0,5,2,5,4,2,2,5,29
8.1,7.8,0.0,0.0,0.0,9.1,9.3,9.0,7.1,7.4,5.9,8.4,8.2,8.5,6.9,8.3,7.0,8.1,3,2,0,1,4,1,6,5,2,1,5,29
6.5,7.8,0.0,0.0,0.0,8.0,6.5,8.5,6.7,6.6,6.7,6.9,6.4,10.0,6.4,6.9,6.5,7.2,2,8,0,3,3,5,6,4,4,2,8,29
5.4,7.4,0.0,0.0,0.0,7.4,2.0,9.2,5.9,6.1,5.5,5.0,4.3,8.3,6.2,6.1,4.0,6.3,1,26,5,9,12,0,2,1,1,1,8,29
6.9,5.2,0.0,0.0,0.0,7.4,8.3,5.1,6.6,6.6,6.5,5.8,6.1,5.5,6.0,6.7,6.6,6.8,0,5,1,1,5,8,5,3,4,2,5,29
5.6,7.5,0.0,0.0,0.0,6.7,8.0,10.0,5.9,6.1,5.0,5.4,4.5,10.0,6.1,5.9,5.5,6.1,19,5,0,3,6,5,6,3,1,4,5,28
5.6,6.2,0.0,0.0,0.0,7.3,7.5,8.8,5.2,5.9,2.0,5.3,4.4,8.0,6.0,5.5,5.9,5.9,18,7,1,1,6,6,4,7,1,5,3,28
5.4,8.9,0.0,0.0,0.0,8.3,9.7,9.3,5.8,5.8,8.7,4.9,4.3,10.0,5.6,5.7,4.7,6.5,17,5,0,0,4,2,5,1,4,1,16,28
5.3,8.2,0.0,0.0,0.0,8.0,9.5,6.5,5.0,5.0,10.0,4.7,3.8,10.0,5.3,5.9,3.1,5.8,16,2,0,1,6,1,6,1,3,2,4,28
5.8,8.2,0.0,0.0,0.0,8.3,7.7,10.0,5.5,5.2,6.5,6.4,6.0,10.0,5.6,6.1,5.8,6.1,15,2,0,0,8,1,5,3,2,2,7,28
5.4,7.8,0.0,0.0,0.0,7.2,6.0,10.0,5.6,5.6,5.5,5.2,4.7,10.0,5.7,5.7,5.0,5.9,14,6,0,5,5,9,7,2,0,2,5,28
6.0,6.7,0.0,0.0,0.0,7.6,8.0,6.7,6.2,5.8,6.9,5.6,5.4,6.0,6.3,5.9,6.4,6.6,13,4,0,1,3,2,5,0,5,5,10,28
5.3,8.8,0.0,0.0,0.0,7.0,5.5,10.0,6.0,5.9,7.5,4.9,4.3,10.0,5.9,6.0,4.4,6.4,12,9,5,5,10,4,6,2,2,3,2,28
5.5,8.8,0.0,0.0,0.0,7.5,6.7,10.0,5.8,5.7,7.5,5.2,4.4,10.0,5.9,5.8,5.3,6.1,11,9,1,0,9,5,7,1,2,0,6,28
6.7,8.8,0.0,0.0,0.0,7.7,7.5,10.0,6.4,6.5,5.0,7.4,7.0,10.0,6.8,6.9,6.7,7.4,10,4,2,0,7,6,4,4,0,0,4,28
5.3,6.5,0.0,0.0,0.0,6.2,7.3,5.5,5.6,5.7,5.0,5.1,4.2,7.5,5.9,5.3,4.5,5.9,9,4,0,3,3,5,6,1,1,3,4,28
7.5,7.9,0.0,0.0,0.0,7.3,6.5,7.8,7.6,7.6,7.0,8.2,7.9,10.0,6.7,7.5,7.8,7.6,8,10,2,1,3,5,9,2,0,1,6,28
5.2,6.7,0.0,0.0,0.0,8.9,8.6,10.0,5.0,5.4,3.7,4.6,3.1,10.0,6.6,5.4,5.3,6.5,7,10,2,7,11,4,7,3,0,5,7,28
2.9,5.2,0.0,0.0,0.0,6.8,4.0,8.0,2.7,2.9,1.5,3.0,2.7,5.0,4.2,3.4,2.2,3.8,6,6,0,2,6,11,9,0,2,0,7,28
5.4,7.7,0.0,0.0,0.0,7.7,7.3,10.0,5.3,5.2,5.5,5.5,5.0,8.0,5.9,6.1,4.1,5.8,5,3,1,2,4,7,12,1,1,2,3,28
5.9,8.4,0.0,0.0,0.0,8.1,7.0,9.0,6.0,6.2,4.0,5.6,5.2,10.0,6.2,6.2,5.8,6.7,4,2,0,0,4,2,5,5,1,1,7,28
4.9,7.2,0.0,0.0,0.0,7.8,7.5,10.0,5.4,5.5,4.5,4.7,4.1,10.0,5.3,5.1,5.0,5.4,3,3,0,0,4,3,8,2,2,3,5,28
5.3,7.2,0.0,0.0,0.0,7.0,6.0,8.0,5.1,5.3,3.0,5.9,5.4,10.0,5.8,5.5,5.1,6.0,2,11,4,1,8,7,7,5,1,8,11,28
5.4,7.5,0.0,0.0,0.0,6.8,7.0,8.0,5.8,6.1,8.0,5.4,4.2,8.2,6.1,5.7,5.7,6.5,1,16,4,3,15,11,3,2,1,0,10,28
5.4,5.9,0.0,0.0,0.0,7.5,8.5,7.0,6.0,5.7,6.8,4.9,4.8,6.0,5.7,5.7,4.9,6.2,0,9,3,7,6,17,5,1,3,1,6,28
4.7,6.2,0.0,0.0,0.0,5.3,4.7,5.5,5.2,5.3,4.0,4.4,3.5,10.0,5.7,4.8,4.2,5.2,19,9,3,7,18,8,9,2,0,3,4,27
6.1,8.0,0.0,0.0,0.0,7.6,7.2,8.5,6.2,6.1,7.5,6.0,5.6,8.7,6.2,6.4,5.6,6.6,18,5,6,4,7,9,4,5,2,3,5,27
6.0,5.7,0.0,0.0,0.0,5.9,7.5,4.8,6.4,6.5,5.0,5.4,4.9,10.0,5.9,5.2,6.9,6.4,17,6,1,4,13,4,7,1,1,2,7,27
4.9,8.4,0.0,0.0,0.0,7.0,5.0,10.0,5.4,5.4,6.0,4.9,3.9,9.0,5.3,5.5,4.6,5.6,16,4,1,0,11,10,4,3,0,4,6,27
4.4,4.1,0.0,0.0,0.0,5.0,4.0,5.3,5.0,5.4,4.7,3.4,3.2,4.3,5.5,3.9,5.0,5.5,15,3,0,1,7,6,5,3,0,2,4,27
4.7,6.2,0.0,0.0,0.0,5.8,5.0,5.5,4.7,4.8,4.0,5.2,4.5,10.0,5.7,4.9,3.7,5.2,14,14,2,8,14,6,6,0,0,1,2,27
4.4,7.5,0.0,0.0,0.0,7.0,5.0,10.0,4.9,4.7,5.0,4.6,4.1,10.0,5.7,5.1,3.4,5.3,13,6,1,3,9,7,1,2,3,2,3,27
4.9,7.4,0.0,0.0,0.0,6.4,5.0,8.0,5.1,5.1,5.0,4.8,4.2,10.0,5.8,5.1,4.6,5.9,12,3,1,2,2,4,6,0,3,1,6,27
6.9,6.8,0.0,0.0,0.0,8.5,8.5,10.0,5.9,6.2,4.7,7.5,7.1,10.0,6.6,6.6,7.1,7.4,11,14,3,3,9,6,10,1,0,1,10,27
5.3,6.9,0.0,0.0,0.0,6.8,6.2,7.7,4.9,5.1,3.0,5.0,4.6,7.0,5.1,5.8,4.3,5.6,10,9,2,3,7,12,6,1,1,3,6,27
6.1,7.0,0.0,0.0,0.0,6.8,7.2,5.0,6.4,6.4,7.0,5.6,5.0,10.0,6.3,6.3,5.8,6.6,9,5,4,3,7,10,7,2,1,2,6,27
4.4,4.7,0.0,0.0,0.0,7.5,6.8,10.0,4.5,5.0,2.0,3.6,3.3,6.0,5.4,4.0,4.9,5.5,8,7,1,3,7,7,3,4,0,3,5,27
5.1,7.5,0.0,0.0,0.0,7.4,7.0,9.7,5.1,5.3,3.0,4.9,4.3,10.0,4.8,5.3,5.0,5.7,7,17,3,4,17,11,6,1,1,4,3,27
4.9,10.0,0.0,0.0,0.0,6.5,6.0,10.0,5.2,5.2,4.5,3.9,10.0,5.2,5.2,4.7,5.6,0.0,6,13,0,0,9,12,5,3,4,0,3,27
6.0,6.8,0.0,0.0,0.0,9.3,9.0,6.6,6.7,6.0,4.5,3.1,7.8,5.9,6.2,6.0,6.7,0.0,5,6,2,0,8,1,7,4,1,2,8,27
4.4,5.3,0.0,0.0,0.0,6.0,6.3,5.0,4.7,4.7,4.0,3.3,10.0,4.8,4.7,4.4,4.8,0.0,4,4,1,8,8,7,3,2,2,0,6,27
3.9,5.5,0.0,0.0,0.0,3.3,4.5,1.0,4.1,4.1,4.1,3.3,10.0,5.0,4.3,3.4,4.5,0.0,3,3,1,3,6,8,8,2,0,1,3,27
5.4,6.5,0.0,0.0,0.0,6.7,3.0,10.0,5.8,5.9,5.5,5.7,5.2,8.0,5.7,6.0,4.6,6.6,2,6,0,4,6,6,8,2,2,0,8,27
5.2,4.5,0.0,0.0,0.0,3.5,7.5,1.5,5.6,5.7,5.0,4.6,3.7,10.0,5.0,5.4,3.8,5.2,1,11,2,4,13,6,3,1,0,0,2,27
5.2,8.3,0.0,0.0,0.0,6.0,5.3,10.0,5.4,5.5,5.0,5.5,4.9,10.0,5.4,5.7,4.6,5.7,0,11,2,3,7,6,2,4,0,1,4,27
5.2,4.0,0.0,0.0,0.0,4.1,6.7,3.0,5.5,6.4,2.2,4.4,3.5,10.0,5.6,4.6,5.5,5.7,19,11,6,7,12,6,5,0,0,1,2,26
6.6,9.2,0.0,0.0,0.0,7.5,7.0,10.0,6.3,6.2,7.0,7.2,6.7,10.0,6.0,7.4,6.3,7.2,18,3,1,2,6,3,5,1,2,0,4,26
5.3,7.1,0.0,0.0,0.0,6.5,4.4,9.3,5.7,5.8,5.1,5.5,5.1,7.2,5.4,5.9,4.7,5.9,17,10,5,4,14,7,4,4,0,0,4,26
5.2,7.2,0.0,0.0,0.0,6.8,7.0,10.0,5.3,5.6,3.0,5.1,5.0,8.0,4.9,5.4,4.8,6.0,16,5,1,2,7,4,8,5,2,3,7,26
4.9,5.5,0.0,0.0,0.0,7.2,7.2,10.0,5.4,5.4,5.0,3.2,3.5,3.5,4.4,4.5,5.4,5.7,15,7,0,8,10,10,2,1,3,0,8,26
4.0,5.5,0.0,0.0,0.0,7.0,6.0,10.0,4.3,4.4,3.4,3.4,3.1,5.0,6.3,3.9,3.4,5.2,14,9,0,2,8,9,8,2,2,0,5,26
5.0,7.5,0.0,0.0,0.0,8.2,8.0,10.0,5.5,5.6,5.0,4.9,4.3,10.0,5.2,5.3,5.4,5.6,13,23,6,8,16,4,1,3,4,1,3,26
5.8,7.5,0.0,0.0,0.0,8.2,8.8,9.0,6.1,6.2,6.8,5.3,4.9,8.5,6.2,6.0,5.3,6.6,12,8,0,2,6,4,10,3,0,0,9,26
4.8,5.7,0.0,0.0,0.0,4.6,7.0,4.0,5.3,5.2,9.0,4.9,3.9,8.7,5.1,4.7,4.6,5.4,11,5,3,5,8,9,2,3,0,0,4,26
4.8,7.5,0.0,0.0,0.0,6.6,5.1,10.0,5.3,5.2,5.7,4.6,3.9,10.0,5.5,5.2,4.8,6.2,10,4,2,4,6,5,5,3,4,1,10,26
6.9,7.0,0.0,0.0,0.0,7.9,8.0,10.0,6.7,7.1,4.0,7.0,6.4,10.0,6.7,7.1,6.4,7.4,9,3,2,2,5,5,7,2,0,1,6,26
5.9,8.0,0.0,0.0,0.0,6.5,7.2,6.4,6.4,5.6,4.8,8.0,5.9,6.0,6.4,6.3,0.0,0.0,8,4,1,2,9,3,9,1,2,0,8,26
5.5,8.8,0.0,0.0,0.0,6.3,5.0,7.0,6.5,6.3,10.0,4.7,4.0,9.0,5.7,6.2,5.3,6.3,7,5,1,3,7,10,8,4,0,1,6,26
3.0,3.3,0.0,0.0,0.0,2.0,3.0,1.0,3.7,3.8,2.0,2.6,2.3,5.0,4.6,3.0,2.9,3.7,6,9,3,5,11,6,2,5,2,1,5,26
5.3,6.8,0.0,0.0,0.0,5.5,5.0,6.0,5.7,5.6,10.0,5.1,4.9,5.5,5.7,5.8,4.2,5.9,5,11,0,4,4,4,12,3,1,3,12,26
5.6,7.7,0.0,0.0,0.0,6.7,6.3,7.0,6.1,6.1,6.0,5.1,4.2,10.0,6.4,6.0,5.6,6.3,4,2,0,3,6,5,6,4,3,2,8,26
5.3,8.0,0.0,0.0,0.0,7.5,7.3,6.1,6.1,4.8,4.1,8.0,5.9,5.9,4.8,6.0,0.0,0.0,3,5,0,6,4,6,7,4,2,1,7,26
5.9,6.1,0.0,0.0,0.0,5.3,8.5,3.5,6.7,6.6,8.0,5.5,5.0,7.0,5.8,6.2,5.1,6.0,2,4,0,7,8,7,5,5,4,1,6,26
5.4,5.7,0.0,0.0,0.0,5.3,10.0,2.0,5.3,5.3,5.0,5.4,4.7,10.0,5.9,6.1,3.0,5.6,1,13,3,5,16,9,4,0,0,0,4,26
5.6,5.4,0.0,0.0,0.0,5.3,4.7,6.7,6.0,6.5,1.0,5.1,4.3,8.0,5.6,4.9,6.5,6.2,0,10,1,7,11,13,3,2,2,1,6,26
5.3,10.0,0.0,0.0,0.0,5.7,5.5,5.8,5.8,5.3,4.5,10.0,5.6,6.0,3.9,6.3,0.0,0.0,19,10,0,8,6,11,6,5,4,2,10,25
7.2,4.9,0.0,0.0,0.0,6.7,6.9,1.0,7.1,7.5,4.0,6.6,6.6,6.5,6.8,7.3,6.1,7.1,18,12,3,1,7,5,8,2,2,7,19,25
3.4,2.4,0.0,0.0,0.0,2.0,1.0,1.0,4.9,5.2,2.0,2.4,2.1,4.7,5.2,3.3,3.2,4.0,17,3,1,2,10,4,6,0,1,1,2,25
5.2,7.3,0.0,0.0,0.0,8.0,8.0,5.5,5.5,7.0,5.0,4.6,10.0,5.6,5.8,3.8,5.8,0.0,16,9,2,3,13,9,5,0,0,0,3,25
5.7,7.0,0.0,0.0,0.0,8.5,9.0,6.0,6.1,6.0,4.7,3.7,10.0,6.3,6.1,4.8,6.0,0.0,15,27,12,15,6,2,5,2,0,0,4,25
5.7,5.9,0.0,0.0,0.0,5.1,8.5,5.0,6.2,6.1,7.0,5.4,4.7,8.5,5.4,5.8,5.4,6.3,14,13,3,5,16,6,6,1,0,1,2,25
4.0,3.0,0.0,0.0,0.0,4.4,7.7,1.0,4.1,4.3,2.0,3.4,3.0,5.3,5.0,4.0,2.9,4.2,13,8,3,3,5,15,7,1,0,1,5,25
5.6,10.0,0.0,0.0,0.0,9.0,9.3,6.1,6.1,4.8,3.9,10.0,5.9,6.2,4.1,6.1,0.0,0.0,12,14,1,4,16,7,3,1,0,3,5,25
4.1,7.8,0.0,0.0,0.0,5.3,5.3,5.0,4.8,4.6,8.0,3.8,2.9,10.0,4.8,5.1,3.4,4.9,11,3,1,4,5,5,3,2,0,1,3,25
4.7,7.3,0.0,0.0,0.0,6.1,5.8,4.9,4.8,6.0,4.7,3.6,8.0,5.2,5.4,3.9,5.6,0.0,10,5,3,1,7,13,5,1,2,0,6,25
4.1,3.6,0.0,0.0,0.0,4.4,4.9,1.0,4.4,4.6,2.0,3.6,3.3,5.0,5.7,4.1,3.3,4.4,9,9,3,2,3,11,7,3,1,0,3,25
5.9,8.2,0.0,0.0,0.0,7.7,7.0,8.3,6.1,6.1,5.5,4.9,8.0,6.7,6.3,6.0,6.4,0.0,8,7,0,4,5,4,4,2,2,2,5,25
6.3,7.7,0.0,0.0,0.0,6.7,6.5,6.6,6.7,6.0,5.7,5.1,8.5,6.9,6.4,6.4,6.4,0.0,7,3,2,6,5,9,4,1,2,1,3,25
5.7,5.2,0.0,0.0,0.0,3.9,7.7,1.0,6.0,6.1,5.0,4.9,4.2,10.0,6.5,5.4,6.4,5.4,6,5,0,1,8,10,4,2,2,0,4,25
6.5,8.0,0.0,0.0,0.0,6.8,6.5,6.7,6.8,6.0,6.2,5.6,10.0,7.0,6.4,6.8,6.7,0.0,5,12,1,12,9,10,4,1,0,2,7,25
7.5,8.2,0.0,0.0,0.0,7.2,7.7,6.0,7.5,7.5,8.5,7.5,7.0,10.0,7.4,7.3,7.8,7.5,4,7,0,3,7,7,6,1,0,0,4,25
6.2,8.0,0.0,0.0,0.0,6.6,6.9,6.7,6.8,6.0,5.4,4.7,10.0,6.7,6.1,6.9,6.2,0.0,3,3,0,5,4,12,4,0,0,1,3,25
6.7,6.0,0.0,0.0,0.0,7.1,7.9,7.0,7.0,5.6,4.9,10.0,7.5,6.3,7.7,6.8,0.0,0.0,2,11,1,4,13,4,3,1,0,1,1,25
5.8,6.0,0.0,0.0,0.0,4.7,5.3,1.0,5.8,5.8,5.9,5.3,8.5,5.8,5.9,5.2,5.6,0.0,1,4,1,0,6,13,4,2,0,0,4,25
7.4,4.9,0.0,0.0,0.0,7.0,8.8,4.0,7.4,7.7,5.5,6.3,6.1,6.0,7.7,6.4,7.8,6.8,0,21,1,11,17,2,3,2,1,1,3,25
7.4,6.2,0.0,0.0,0.0,7.8,7.9,7.0,6.8,7.1,1.0,7.8,7.3,8.5,7.4,7.4,7.2,7.4,18,23,2,3,9,6,2,4,0,6,9,24
5.0,5.7,0.0,0.0,0.0,5.3,6.0,1.0,5.1,5.1,5.1,4.4,8.0,5.6,5.2,4.2,5.4,0.0,17,3,0,1,4,3,5,5,5,7,11,24
6.0,8.3,0.0,0.0,0.0,5.2,5.0,7.1,6.7,7.5,5.5,4.7,10.0,6.3,6.3,6.5,6.3,0.0,16,2,1,2,8,9,8,1,0,0,4,24
6.2,8.0,0.0,0.0,0.0,6.8,7.0,7.0,6.8,6.8,5.7,5.0,8.5,6.7,6.3,6.4,6.5,0.0,15,8,1,4,15,4,4,2,0,0,4,24
5.7,7.7,0.0,0.0,0.0,7.1,7.8,5.6,5.6,5.4,4.4,7.7,5.7,5.6,6.5,5.8,0.0,0.0,14,3,0,3,4,4,6,3,3,0,4,24
7.2,5.6,0.0,0.0,0.0,6.6,7.3,4.0,7.3,7.6,5.0,6.5,5.9,8.5,7.0,7.4,6.2,7.1,13,4,1,4,6,7,4,2,1,2,3,24
6.1,7.8,0.0,0.0,0.0,6.7,6.5,6.3,6.3,5.6,4.8,7.8,6.6,5.9,6.7,6.4,0.0,0.0,12,8,1,1,9,6,7,0,1,2,2,24
5.8,7.2,0.0,0.0,0.0,6.2,6.8,6.0,5.5,5.5,6.2,5.8,6.2,6.1,5.9,5.9,5.8,0.0,11,8,1,3,12,7,4,0,2,1,6,24
6.4,7.0,0.0,0.0,0.0,6.6,6.7,7.0,6.4,6.5,6.0,6.2,5.7,7.5,6.9,6.5,6.1,6.5,10,3,1,1,6,2,6,4,1,1,5,24
6.6,8.0,0.0,0.0,0.0,7.1,7.2,6.8,6.9,6.0,5.8,5.2,10.0,6.7,6.7,6.6,6.9,0.0,9,6,3,2,15,10,9,0,0,0,3,24
8.3,8.1,0.0,0.0,0.0,7.9,8.5,8.5,7.7,7.8,6.3,8.9,8.7,9.3,7.3,8.1,8.3,7.9,8,8,0,7,14,5,1,3,0,1,6,24
7.2,7.1,0.0,0.0,0.0,6.5,7.5,7.0,7.1,7.2,6.7,7.3,6.7,9.0,6.8,6.7,7.7,6.6,7,3,0,5,2,9,4,2,0,3,3,24
7.9,7.1,0.0,0.0,0.0,7.9,7.9,10.0,7.6,7.8,4.5,8.0,7.6,9.0,6.9,7.4,8.3,7.4,6,13,1,1,6,4,8,2,1,8,8,24
7.4,7.1,0.0,0.0,0.0,7.0,7.0,7.0,7.2,5.7,8.2,7.9,9.0,7.2,7.1,7.9,7.1,0.0,5,2,0,1,4,4,7,3,1,0,4,24
8.2,7.8,0.0,0.0,0.0,8.4,8.3,10.0,7.5,7.7,5.3,8.8,8.6,9.3,7.4,8.0,8.2,7.7,4,2,1,4,5,7,7,4,0,0,7,24
6.9,6.8,0.0,0.0,0.0,6.8,7.3,6.6,6.8,4.5,7.0,6.5,9.0,6.6,6.3,7.9,6.7,0.0,3,6,1,1,6,9,9,2,1,1,4,24
6.6,4.4,0.0,0.0,0.0,4.8,7.2,1.0,6.1,6.3,5.3,7.0,6.6,9.0,6.5,5.6,6.8,5.8,2,16,4,2,15,4,1,1,1,0,4,24
6.4,6.3,0.0,0.0,0.0,6.3,8.3,5.0,6.3,6.6,4.5,5.9,5.2,9.0,6.5,5.6,7.6,5.9,1,5,0,0,8,6,9,3,3,1,3,24
8.0,7.0,0.0,0.0,0.0,7.7,8.3,7.0,7.2,7.5,5.3,8.9,8.5,10.0,7.5,7.7,7.9,7.4,0,9,1,5,10,10,4,1,0,1,4,24
7.4,6.8,0.0,0.0,0.0,8.0,9.0,7.0,7.3,4.5,6.9,6.4,9.0,7.3,6.3,8.2,6.8,0.0,19,12,2,2,6,7,5,4,4,5,10,23
8.3,7.9,0.0,0.0,0.0,8.4,8.3,10.0,8.1,8.3,5.7,8.7,8.3,10.0,7.9,8.2,8.7,8.0,18,4,1,3,5,5,8,4,3,0,3,23
6.7,6.8,0.0,0.0,0.0,6.2,7.0,6.6,6.9,4.5,6.6,6.0,9.0,6.4,6.0,7.8,6.0,0.0,17,3,0,0,6,7,4,3,0,0,4,23
8.0,5.5,0.0,0.0,0.0,7.9,8.7,4.5,7.5,7.7,5.0,8.0,7.6,9.0,7.2,6.7,8.3,7.3,16,13,0,3,13,8,4,3,1,0,5,23
7.3,6.7,0.0,0.0,0.0,5.8,6.5,5.5,7.4,7.4,7.0,8.2,7.8,9.0,6.1,6.5,8.2,7.0,15,3,0,3,2,4,5,3,3,5,4,23
7.0,6.8,0.0,0.0,0.0,6.2,8.0,7.0,7.2,4.5,6.7,6.2,9.0,6.4,6.5,8.0,6.3,0.0,14,2,0,1,3,2,6,3,2,2,5,23
6.7,6.6,0.0,0.0,0.0,6.9,7.8,6.3,6.6,5.0,6.6,5.7,9.0,6.9,6.0,7.4,6.2,0.0,13,9,2,1,9,8,5,1,1,0,4,23
6.6,6.8,0.0,0.0,0.0,7.5,7.3,6.5,6.8,4.5,6.4,5.9,9.0,6.7,6.3,7.1,6.5,0.0,12,3,0,0,6,1,8,0,1,2,4,23
8.3,7.7,0.0,0.0,0.0,8.0,8.5,10.0,8.1,8.3,6.0,8.2,8.0,8.7,7.5,8.4,8.1,8.0,11,2,0,3,4,6,10,1,0,1,2,23
7.2,6.8,0.0,0.0,0.0,7.1,7.2,6.8,7.1,5.3,7.3,6.8,9.0,7.0,6.5,7.8,6.9,0.0,10,11,0,0,5,9,7,2,0,2,9,23
8.0,7.7,0.0,0.0,0.0,7.8,8.2,7.7,7.9,6.7,8.3,7.8,9.3,7.5,7.5,8.4,7.5,0.0,9,9,0,1,11,5,3,0,0,1,1,23
5.9,5.5,0.0,0.0,0.0,4.5,4.3,6.5,6.8,1.0,5.4,4.8,10.0,5.9,5.7,6.3,6.3,0.0,8,3,4,6,7,6,11,3,1,2,4,23
5.8,4.0,0.0,0.0,0.0,5.3,8.0,1.0,5.2,5.5,1.0,6.1,5.2,10.0,5.8,5.2,5.3,5.4,7,8,1,0,5,6,3,4,3,0,4,23
7.0,5.7,0.0,0.0,0.0,6.3,6.0,7.1,7.3,3.5,7.2,6.7,10.0,6.7,6.7,7.8,7.0,0.0,6,5,0,3,4,7,9,0,1,2,4,23
5.0,5.0,0.0,0.0,0.0,5.7,5.7,4.5,4.9,2.5,5.7,5.0,10.0,5.6,5.2,4.6,5.0,0.0,5,9,0,1,5,5,4,4,3,4,8,23
7.1,5.7,0.0,0.0,0.0,6.6,7.3,5.5,6.7,7.0,3.5,7.9,7.1,10.0,7.1,6.7,6.6,6.9,4,3,0,1,7,7,3,3,3,0,3,23
4.8,3.5,0.0,0.0,0.0,3.8,8.0,1.5,4.2,4.5,1.0,5.3,4.4,10.0,5.3,4.6,3.2,4.5,3,11,1,5,9,7,9,1,1,0,5,23
5.7,6.4,0.0,0.0,0.0,4.1,8.3,5.0,5.8,5.9,5.4,6.3,5.3,8.0,6.0,5.9,6.0,5.8,2,7,0,0,4,12,6,2,1,3,6,23
6.7,5.4,0.0,0.0,0.0,5.2,6.0,3.5,6.6,6.8,6.0,6.6,6.1,7.2,6.5,6.1,6.9,6.2,1,9,1,1,5,9,7,3,2,0,4,23
7.4,7.4,0.0,0.0,0.0,6.7,6.5,7.8,8.0,6.0,7.4,6.9,9.5,6.8,7.3,7.8,7.5,0.0,0,14,1,6,11,3,3,1,1,0,3,23
6.2,5.7,0.0,0.0,0.0,7.3,7.7,6.0,6.1,6.4,4.5,5.5,4.7,7.7,6.2,5.8,7.2,6.3,19,5,1,0,5,6,4,1,0,0,3,22
6.6,6.3,0.0,0.0,0.0,7.0,7.3,6.3,6.6,1.0,6.5,5.8,9.0,6.7,6.2,6.0,5.9,0.0,18,6,0,5,5,9,5,2,2,1,2,22
6.1,5.7,0.0,0.0,0.0,6.4,6.8,5.9,6.3,1.0,5.8,5.2,8.0,6.3,5.8,6.5,6.0,0.0,17,3,0,1,3,1,4,1,7,7,9,22
6.2,5.7,0.0,0.0,0.0,6.0,6.0,6.0,6.1,6.5,1.0,5.8,5.7,6.0,5.8,6.1,5.0,6.1,16,8,1,1,3,10,5,2,2,0,6,22
6.5,6.6,0.0,0.0,0.0,7.2,7.5,10.0,6.7,7.0,5.7,5.9,5.2,9.0,6.1,6.3,6.3,6.6,15,4,1,2,5,7,5,0,0,1,2,22
3.6,3.2,0.0,0.0,0.0,2.8,4.3,1.0,4.1,4.4,1.0,3.4,2.5,10.0,4.1,3.3,3.3,3.9,14,3,0,1,5,12,2,1,0,0,3,22
6.5,6.5,0.0,0.0,0.0,7.6,7.7,7.0,6.4,6.5,4.5,6.1,5.3,10.0,6.8,6.1,5.5,6.7,13,4,1,4,6,7,3,3,0,0,5,22
7.5,6.0,0.0,0.0,0.0,6.8,6.7,7.0,7.5,7.7,1.0,7.9,7.5,10.0,7.1,7.5,7.1,7.1,12,3,0,3,3,1,8,3,0,2,2,22
6.1,6.2,0.0,0.0,0.0,6.9,6.4,6.7,6.2,6.4,4.5,5.4,4.7,10.0,5.8,6.0,6.4,6.2,11,11,0,1,4,7,5,1,2,2,4,22
6.2,6.4,0.0,0.0,0.0,6.9,6.9,10.0,6.4,6.7,5.5,5.4,4.5,8.0,5.9,6.0,6.4,6.4,10,6,0,1,4,7,4,2,0,0,3,22
7.8,6.9,0.0,0.0,0.0,7.3,7.9,7.0,7.4,7.8,5.5,7.8,7.4,9.3,7.1,7.5,7.4,7.5,9,13,2,5,15,6,2,0,2,1,3,22
6.4,6.0,0.0,0.0,0.0,6.2,5.8,6.0,5.8,6.2,1.0,6.9,6.4,8.0,6.2,6.0,6.6,6.0,8,6,0,2,6,0,3,2,3,9,14,22
7.7,7.2,0.0,0.0,0.0,8.0,8.3,7.3,7.8,8.0,5.7,6.7,6.2,9.0,6.7,7.7,6.5,7.2,7,5,1,4,1,7,7,3,2,1,3,22
6.3,6.2,0.0,0.0,0.0,7.0,7.5,6.0,5.8,6.1,1.0,6.5,5.8,9.0,6.0,6.2,6.5,6.2,6,2,2,3,2,5,7,0,2,0,2,22
7.6,7.1,0.0,0.0,0.0,8.1,8.6,8.0,6.8,7.0,4.0,8.2,7.8,9.0,7.1,7.8,6.6,7.1,5,6,0,4,11,7,6,2,0,0,4,22
7.7,6.6,0.0,0.0,0.0,6.9,7.8,8.0,7.3,7.8,1.0,7.8,7.4,9.0,7.2,7.5,8.0,7.4,4,2,2,2,5,2,2,5,3,8,8,22
6.7,6.0,0.0,0.0,0.0,7.0,8.0,5.0,6.2,6.5,4.0,7.3,6.5,9.0,6.3,6.4,6.7,6.4,3,4,1,3,2,4,2,4,0,1,2,22
8.5,6.7,0.0,0.0,0.0,7.3,8.6,6.0,8.2,8.4,6.7,8.6,8.3,9.0,7.5,7.8,8.5,7.9,2,2,0,1,4,4,7,3,2,2,4,22
8.2,6.6,0.0,0.0,0.0,8.7,8.6,8.0,7.9,8.2,1.0,7.9,7.6,8.7,7.1,7.8,8.0,7.7,1,4,0,1,6,7,6,1,3,1,3,22
5.9,4.9,0.0,0.0,0.0,5.0,7.0,3.0,5.6,5.9,4.0,6.0,5.5,9.0,5.5,5.6,5.2,5.5,0,4,0,2,6,5,6,1,3,7,11,22
7.3,6.0,0.0,0.0,0.0,7.2,8.0,5.0,7.5,7.6,1.0,6.4,5.8,9.0,6.7,7.1,7.2,7.2,19,68,20,24,12,2,1,0,0,1,9,21
6.3,5.7,0.0,0.0,0.0,6.2,6.7,5.0,6.3,6.6,4.0,6.0,5.3,8.5,5.6,6.0,6.2,6.3,18,4,0,4,7,10,1,4,0,0,2,21
6.4,6.5,0.0,0.0,0.0,7.8,8.3,6.0,6.0,6.1,4.5,6.5,5.9,9.0,6.1,6.1,6.3,6.2,17,2,0,3,6,11,1,0,0,0,2,21
5.5,4.4,0.0,0.0,0.0,5.6,6.3,3.0,5.3,5.7,1.0,5.7,5.0,9.0,5.4,5.1,6.2,5.5,16,2,2,0,6,6,6,1,1,0,5,21
5.1,6.2,0.0,0.0,0.0,4.2,4.0,5.0,4.8,5.1,1.0,5.7,4.7,9.5,5.4,5.3,4.1,5.1,15,2,2,4,10,6,3,0,0,0,2,21
7.4,8.0,0.0,0.0,0.0,8.6,9.5,6.0,6.7,6.7,6.8,6.3,9.0,6.5,7.2,7.1,7.2,0.0,14,8,1,2,12,4,0,1,0,0,1,21
7.0,6.2,0.0,0.0,0.0,6.9,7.0,6.5,6.8,7.0,1.0,6.8,6.1,9.0,7.1,6.8,6.1,6.8,13,3,0,3,5,10,2,1,1,0,2,21
8.1,7.6,0.0,0.0,0.0,8.0,7.7,8.0,7.9,8.1,6.4,8.3,7.9,9.0,7.5,7.6,8.5,7.7,12,8,4,0,9,5,3,0,0,3,2,21
7.0,6.6,0.0,0.0,0.0,6.9,7.0,6.0,6.7,7.1,4.0,7.2,6.4,9.3,6.9,6.7,6.9,6.7,11,1,2,1,6,3,8,2,1,0,3,21
6.8,5.0,0.0,0.0,0.0,5.6,7.5,5.3,6.4,6.6,4.0,7.1,6.8,9.0,6.3,6.4,6.7,6.5,10,9,0,4,11,3,0,0,0,0,6,21
6.1,6.4,0.0,0.0,0.0,5.7,5.2,5.5,6.7,6.8,6.5,5.8,5.1,8.5,6.4,6.0,6.9,6.3,9,11,3,4,10,5,4,1,0,0,2,21
6.9,6.8,0.0,0.0,0.0,7.0,8.3,5.3,7.2,7.4,6.0,6.2,5.3,8.8,6.2,6.6,8.7,6.7,8,2,1,1,6,4,6,2,2,0,4,21
7.7,6.9,0.0,0.0,0.0,6.7,7.2,5.5,7.7,7.8,7.0,7.8,7.4,8.8,7.3,7.7,7.0,7.3,7,6,0,3,3,6,3,0,1,0,4,21
7.5,7.3,0.0,0.0,0.0,7.1,7.7,6.3,7.5,7.4,6.0,7.5,7.2,9.3,7.1,7.6,6.8,7.2,6,3,1,2,7,7,1,1,0,0,2,21
7.9,8.2,0.0,0.0,0.0,7.7,7.8,8.3,7.9,8.0,7.0,8.1,7.9,9.3,7.1,8.1,7.5,7.9,5,4,1,4,5,6,4,3,2,3,2,21
6.2,7.2,0.0,0.0,0.0,6.0,6.3,5.0,6.3,6.3,6.0,6.4,5.6,9.3,6.1,6.4,6.3,6.3,4,8,3,3,16,4,1,2,0,1,2,21
8.0,8.5,0.0,0.0,0.0,7.7,7.8,7.5,7.9,7.9,8.6,8.2,9.3,7.6,8.1,6.5,7.7,0.0,3,3,3,1,6,9,3,1,1,0,2,21
7.4,7.6,0.0,0.0,0.0,7.0,7.2,6.1,8.1,7.9,9.8,7.6,6.3,9.4,7.3,7.7,6.9,7.8,2,2,1,2,9,8,3,2,1,1,3,21
8.0,6.4,0.0,0.0,0.0,6.2,7.3,5.2,8.3,8.3,10.0,8.2,7.8,9.3,7.1,7.8,8.4,7.8,1,3,3,2,7,12,6,0,0,0,2,21
7.5,8.5,0.0,0.0,0.0,6.8,7.0,6.0,8.0,8.0,7.6,6.9,9.3,7.6,7.4,8.3,7.6,0.0,0,7,2,2,11,3,2,4,0,0,2,21
7.1,7.4,0.0,0.0,0.0,6.4,7.2,6.0,7.4,7.4,6.8,6.2,8.5,6.9,7.4,6.0,6.7,0.0,19,12,5,13,7,1,4,0,1,0,1,20
7.8,8.2,0.0,0.0,0.0,8.1,8.2,7.7,7.2,7.2,8.5,8.5,8.2,9.3,7.6,7.9,7.9,7.6,18,5,5,3,8,7,4,2,1,0,3,20
8.7,7.4,0.0,0.0,0.0,8.1,8.9,5.8,8.4,8.4,8.5,8.9,8.6,9.5,7.6,8.5,8.0,8.0,17,12,3,5,12,2,5,1,2,0,1,20
4.9,7.3,0.0,0.0,0.0,5.3,6.2,6.0,4.8,4.7,4.0,5.2,4.0,9.0,5.7,5.5,4.4,5.0,16,4,5,3,10,1,2,2,1,0,1,20
7.3,6.1,0.0,0.0,0.0,6.7,7.5,2.7,7.3,7.5,8.0,7.5,6.9,9.7,7.3,7.3,6.9,7.4,15,10,6,5,9,2,5,1,0,0,1,20
8.4,7.1,0.0,0.0,0.0,7.5,7.9,5.3,8.8,8.6,10.0,8.2,7.9,9.0,7.3,7.9,8.2,7.9,14,4,4,3,7,3,4,2,1,0,2,20
7.6,8.5,0.0,0.0,0.0,7.3,7.4,7.5,7.8,7.8,7.9,7.3,9.3,7.3,7.8,8.0,7.7,0.0,13,4,3,4,7,4,5,1,1,2,6,20
7.7,8.3,0.0,0.0,0.0,7.4,7.2,7.8,7.7,7.7,8.5,8.4,8.2,9.0,7.5,8.2,7.4,7.8,12,4,3,3,3,5,7,1,1,0,5,20
6.8,8.5,0.0,0.0,0.0,7.2,7.3,6.0,6.9,6.9,6.3,5.4,9.3,6.7,6.8,7.0,6.9,0.0,11,8,3,7,10,0,2,2,0,0,2,20
7.4,8.2,0.0,0.0,0.0,7.7,8.2,5.0,7.1,7.1,7.6,7.0,9.3,7.3,7.3,7.2,7.4,0.0,10,7,2,4,6,4,3,2,0,0,3,20
7.0,8.7,0.0,0.0,0.0,7.5,7.5,8.0,7.3,7.2,8.0,6.8,5.9,9.5,7.0,7.3,6.6,7.2,9,8,4,13,5,1,0,0,0,0,2,20
6.2,5.5,0.0,0.0,0.0,7.1,7.8,5.5,6.1,6.7,4.2,5.3,4.5,9.0,5.7,5.9,6.7,5.9,8,2,4,4,6,4,3,3,0,0,5,20
6.1,5.6,0.0,0.0,0.0,6.8,7.3,5.0,5.8,6.5,4.0,5.8,5.1,9.0,6.1,6.4,5.0,6.0,7,12,4,8,12,1,1,3,2,1,2,20
5.9,5.1,0.0,0.0,0.0,6.1,8.0,3.0,5.5,5.9,4.0,5.4,4.6,9.0,5.1,5.6,5.9,6.0,6,6,6,4,9,2,3,2,1,1,2,20
6.9,6.0,0.0,0.0,0.0,6.8,7.2,5.0,6.6,7.1,4.9,6.4,5.2,9.0,6.5,6.6,6.4,6.6,5,4,4,3,9,3,2,3,0,1,4,20
6.9,6.2,0.0,0.0,0.0,6.9,8.0,5.0,6.9,7.2,5.3,6.3,5.6,9.5,7.2,6.6,6.6,7.0,4,4,4,4,4,6,2,2,1,1,4,20
6.4,6.8,0.0,0.0,0.0,7.0,8.5,8.0,6.5,6.6,5.8,6.2,5.6,9.0,6.5,6.4,5.9,6.6,3,3,3,6,6,5,5,1,0,0,3,20
7.3,5.6,0.0,0.0,0.0,6.6,7.5,4.3,7.5,7.8,4.3,6.9,6.4,8.2,6.5,6.9,6.9,6.8,2,13,8,9,9,2,3,0,1,0,1,20
5.4,4.1,0.0,0.0,0.0,4.1,3.3,3.0,5.8,6.4,3.0,5.4,4.3,9.5,6.0,4.7,6.6,5.4,1,4,5,3,13,5,0,0,0,1,3,20
6.5,5.7,0.0,0.0,0.0,7.0,7.3,6.0,5.8,6.3,3.0,6.5,5.8,9.0,6.1,6.1,6.2,6.5,0,6,5,12,11,1,2,0,2,0,1,20
6.6,6.1,0.0,0.0,0.0,6.8,7.0,6.0,6.3,6.8,4.8,6.6,5.8,9.5,6.1,6.5,5.9,6.4,19,7,1,2,5,6,4,3,2,0,3,19
7.0,5.8,0.0,0.0,0.0,7.5,8.3,5.0,6.9,7.4,4.7,6.1,5.4,9.5,6.2,6.8,6.2,6.5,18,2,1,2,3,4,9,1,0,1,4,19
6.2,5.4,0.0,0.0,0.0,6.2,7.5,5.0,5.6,6.1,3.0,6.3,5.6,9.0,5.4,6.1,5.0,5.8,17,7,2,1,9,9,5,0,0,0,1,19
7.1,5.5,0.0,0.0,0.0,6.9,6.3,7.0,6.9,7.2,3.0,6.8,6.2,7.6,6.9,7.0,5.9,6.7,16,2,1,0,5,3,4,5,0,1,5,19
7.5,6.1,0.0,0.0,0.0,7.7,8.5,8.0,7.1,7.6,3.0,7.3,6.5,9.0,6.9,7.3,6.7,6.9,15,8,2,2,7,7,3,3,0,0,2,19
6.6,5.4,0.0,0.0,0.0,7.0,9.0,5.0,6.6,7.5,3.0,6.0,5.3,9.0,6.6,6.4,5.8,6.5,14,3,1,0,3,3,3,7,2,1,7,19
6.3,6.0,0.0,0.0,0.0,6.2,6.5,7.5,6.1,6.6,4.0,6.3,5.0,8.3,6.3,6.1,6.0,6.2,13,6,1,1,6,9,9,3,1,1,4,19
8.2,7.3,0.0,0.0,0.0,8.0,7.9,7.5,7.6,8.2,5.2,8.7,8.3,9.5,7.2,7.9,7.6,7.9,12,6,1,3,9,7,4,2,0,0,5,19
6.5,5.4,0.0,0.0,0.0,6.7,7.7,5.0,6.2,6.6,3.0,6.2,5.5,9.0,6.4,6.2,6.2,6.2,11,11,4,3,9,4,5,2,0,0,1,19
6.8,5.9,0.0,0.0,0.0,7.1,7.5,6.0,6.4,7.1,4.3,6.4,5.4,9.5,6.4,6.1,7.3,6.5,10,7,0,1,7,16,7,1,2,0,2,19
7.3,7.2,0.0,0.0,0.0,7.6,7.6,8.0,7.2,7.5,5.6,7.2,6.9,9.5,6.5,7.5,6.9,7.3,9,3,2,3,4,6,9,1,0,0,4,19
4.9,5.1,0.0,0.0,0.0,4.0,2.5,5.0,5.0,5.8,3.3,5.8,4.8,9.0,5.6,4.8,5.1,5.1,8,4,0,0,7,11,5,4,0,0,2,19
6.4,5.6,0.0,0.0,0.0,5.8,7.0,5.0,5.2,5.9,3.0,7.0,6.6,9.3,6.0,6.6,5.4,6.6,7,7,4,2,7,11,3,1,3,2,5,19
7.0,6.0,0.0,0.0,0.0,7.6,9.0,7.0,6.0,6.7,4.0,7.1,6.7,7.2,6.1,7.0,5.4,6.6,6,7,1,5,6,4,5,2,2,0,2,19
5.9,5.5,0.0,0.0,0.0,5.7,6.0,5.0,5.2,6.0,3.0,6.3,5.5,8.0,5.7,5.7,5.6,5.9,5,2,1,1,3,2,1,4,3,4,9,19
5.9,5.4,0.0,0.0,0.0,5.8,6.5,5.0,6.0,6.5,3.0,5.5,4.5,9.0,5.6,5.7,5.8,5.8,4,6,2,5,4,7,8,1,0,0,2,19
6.6,4.6,0.0,0.0,0.0,6.4,7.7,4.3,6.5,6.9,5.3,5.6,5.3,6.3,5.8,6.2,5.5,6.1,3,7,2,4,11,3,6,0,0,0,2,19
6.3,6.0,0.0,0.0,0.0,6.0,6.0,6.0,5.4,5.7,5.8,6.8,6.1,9.0,5.9,5.6,6.5,6.5,2,5,1,2,6,18,10,0,2,0,2,19
6.6,6.3,0.0,0.0,0.0,6.8,5.8,6.0,5.8,6.0,5.5,7.4,7.1,8.3,5.9,6.2,6.6,6.6,1,7,0,2,6,8,5,0,3,0,2,19
5.7,4.5,0.0,0.0,0.0,4.2,5.0,3.0,5.0,5.6,3.0,6.8,6.2,9.0,5.5,5.3,6.0,5.5,0,16,4,6,12,5,8,0,1,0,2,19
6.7,5.6,0.0,0.0,0.0,7.0,7.5,5.0,6.1,6.7,4.0,6.8,6.2,8.0,6.3,6.4,6.8,6.3,19,1,1,4,5,8,5,2,0,0,2,18
6.4,5.8,0.0,0.0,0.0,6.3,6.5,5.5,6.1,6.4,4.9,6.4,5.9,7.7,6.5,6.3,5.8,6.1,18,18,3,3,11,7,4,2,1,4,1,18
5.4,3.8,0.0,0.0,0.0,4.0,5.5,2.3,4.6,5.2,3.0,6.2,5.3,9.0,5.7,4.9,5.0,5.3,17,1,2,4,6,7,6,1,0,0,2,18
6.4,5.5,0.0,0.0,0.0,6.0,7.0,5.0,5.6,6.6,3.0,6.7,6.0,9.5,6.0,6.0,7.2,6.1,16,8,0,6,11,4,6,0,1,0,1,18
6.1,5.7,0.0,0.0,0.0,7.0,7.0,6.0,5.9,6.6,3.0,5.9,5.1,8.0,5.4,5.8,6.2,5.9,15,9,0,5,10,3,3,0,0,1,1,18
5.9,6.7,0.0,0.0,0.0,6.7,6.0,8.0,5.3,5.9,4.3,6.3,5.9,9.0,5.8,6.0,5.4,6.0,14,2,0,8,7,5,5,0,1,0,2,18
6.2,5.8,0.0,0.0,0.0,5.5,6.5,6.0,5.7,6.5,4.0,6.3,5.4,9.0,6.0,5.9,6.2,5.9,13,12,5,13,4,1,3,1,0,0,2,18
6.0,5.4,0.0,0.0,0.0,6.3,7.0,5.0,5.6,6.0,3.0,6.3,5.4,9.0,5.9,5.7,6.2,5.9,12,16,5,9,9,3,2,0,2,1,2,18
6.8,5.7,0.0,0.0,0.0,6.5,7.5,5.0,6.2,7.2,4.5,6.6,6.0,8.0,6.4,6.4,6.8,6.2,11,2,1,2,11,3,6,4,1,3,3,18
6.3,5.5,0.0,0.0,0.0,6.2,6.3,5.0,6.0,6.5,4.2,6.3,5.6,7.2,6.2,5.8,7.5,5.9,10,8,2,3,13,4,7,0,0,0,1,18
6.8,6.4,0.0,0.0,0.0,5.8,6.5,5.5,5.8,6.1,4.3,7.6,7.2,9.0,6.2,6.7,5.6,6.6,9,3,2,1,12,7,5,0,2,0,2,18
7.5,7.1,0.0,0.0,0.0,7.5,8.2,5.0,6.9,7.4,5.8,8.1,7.5,9.3,7.0,7.4,7.8,7.6,8,2,0,3,8,8,5,0,0,0,2,18
6.6,5.7,0.0,0.0,0.0,7.0,8.0,6.0,5.7,6.6,4.0,6.7,6.0,9.0,6.4,6.2,6.8,6.4,7,2,1,2,6,8,6,2,2,0,4,18
5.8,5.2,0.0,0.0,0.0,5.8,5.0,6.0,5.6,6.2,4.2,6.2,5.4,9.5,5.5,5.8,5.5,5.8,6,1,1,0,3,5,8,5,0,0,3,18
6.7,5.4,0.0,0.0,0.0,6.7,7.5,5.0,5.6,7.1,3.0,6.5,6.1,9.0,6.8,6.2,6.2,6.4,5,8,2,4,10,6,4,0,3,0,0,18
5.9,5.5,0.0,0.0,0.0,5.8,6.5,5.0,5.2,6.1,3.0,6.1,5.4,9.5,6.1,5.6,5.9,6.0,4,4,1,7,10,6,5,0,0,0,2,18
6.7,5.6,0.0,0.0,0.0,7.1,8.0,5.5,5.4,6.7,4.3,5.9,5.1,9.0,6.6,6.1,6.0,6.7,3,12,4,11,9,3,3,0,1,0,2,18
5.5,4.9,0.0,0.0,0.0,5.6,6.3,3.5,5.0,5.4,4.0,5.9,5.1,9.0,5.5,5.1,5.5,5.5,2,7,2,3,12,6,8,0,0,0,3,18
6.2,5.9,0.0,0.0,0.0,7.3,7.0,7.5,5.0,5.5,4.0,6.6,5.7,8.3,6.3,6.3,6.5,6.1,1,6,1,7,4,9,8,2,0,0,3,18
6.1,5.4,0.0,0.0,0.0,6.3,7.0,5.0,4.9,5.6,3.0,6.5,6.1,8.5,4.9,5.8,6.2,5.7,0,6,0,3,10,5,9,0,0,1,3,18
6.8,4.9,0.0,0.0,0.0,7.0,6.5,7.5,6.8,7.7,3.0,6.4,5.9,8.5,6.2,6.0,8.0,6.3,19,6,1,2,9,3,5,2,0,0,2,17
6.0,4.9,0.0,0.0,0.0,5.3,6.5,4.5,5.0,5.5,3.0,6.6,6.1,9.0,5.4,5.4,6.3,5.6,18,7,6,6,10,4,5,0,0,1,1,17
7.8,5.8,0.0,0.0,0.0,6.5,7.0,5.0,7.2,8.3,4.3,8.0,7.6,9.0,7.8,7.4,7.5,7.6,17,12,9,6,10,6,6,4,0,0,3,17
6.0,5.6,0.0,0.0,0.0,6.2,6.5,5.0,6.2,7.0,4.0,5.3,4.4,9.5,6.4,6.0,5.5,5.8,16,13,4,6,11,0,4,3,0,0,0,17
7.3,6.7,0.0,0.0,0.0,7.4,8.7,5.0,6.7,7.4,5.5,7.4,7.0,9.3,6.4,7.3,6.0,7.1,15,2,0,4,8,4,5,3,0,0,1,17
5.9,5.5,0.0,0.0,0.0,5.2,7.0,5.0,5.7,6.3,4.3,5.6,4.7,9.0,6.4,5.7,5.2,6.2,14,8,4,5,8,3,3,0,0,0,1,17
5.9,5.4,0.0,0.0,0.0,6.1,6.7,5.5,5.3,5.8,3.7,6.0,5.1,9.0,6.0,5.5,5.9,5.7,13,24,6,7,4,6,3,0,0,1,5,17
6.0,5.3,0.0,0.0,0.0,5.4,6.0,5.0,5.5,6.1,3.0,6.5,5.8,9.0,6.0,5.8,5.5,6.0,12,11,3,7,4,3,5,0,0,0,1,17
5.5,7.2,0.0,0.0,0.0,5.2,4.6,9.0,6.3,5.7,7.5,5.8,5.6,6.7,7.3,6.3,4.5,5.8,11,6,1,4,8,2,4,0,0,0,0,17
5.8,6.6,0.0,0.0,0.0,6.0,5.2,7.0,5.8,6.0,5.5,6.5,5.8,9.0,5.8,5.6,5.9,6.1,10,3,1,8,10,4,5,0,1,1,1,17
5.9,4.9,0.0,0.0,0.0,6.3,7.7,1.0,5.6,5.9,4.3,5.9,5.2,9.0,5.2,5.5,5.4,5.8,9,10,3,7,10,2,3,0,0,0,2,17
6.2,5.9,0.0,0.0,0.0,4.6,6.0,5.0,5.7,6.3,4.3,7.1,6.6,8.0,6.2,5.8,6.6,6.2,8,16,7,11,3,1,5,0,0,0,3,17
6.2,4.2,0.0,0.0,0.0,3.7,5.0,2.7,5.6,6.2,4.0,6.2,5.4,8.0,5.9,5.1,7.0,5.6,7,2,0,0,5,6,5,4,2,1,4,17
6.3,5.4,0.0,0.0,0.0,6.3,7.0,5.0,5.8,6.7,3.0,6.4,5.8,9.0,6.2,6.0,7.0,6.2,6,10,5,5,10,8,4,0,0,0,2,17
6.6,5.4,0.0,0.0,0.0,6.0,7.0,5.0,6.7,7.4,3.0,6.0,5.4,9.0,6.6,6.3,6.6,6.4,5,20,4,9,8,2,5,2,0,0,2,17
7.2,5.4,0.0,0.0,0.0,7.5,8.3,5.0,5.7,7.2,3.0,7.0,6.6,9.0,6.3,6.6,7.0,7.0,4,9,3,4,12,3,3,0,1,0,0,17
6.7,5.7,0.0,0.0,0.0,5.8,5.0,5.0,5.7,6.3,4.0,7.0,6.5,8.7,6.4,6.4,6.8,6.3,3,5,8,7,11,4,2,0,0,0,0,17
6.8,5.7,0.0,0.0,0.0,6.7,7.0,6.0,5.4,7.0,3.0,6.7,6.2,9.0,6.4,6.6,6.2,6.4,2,4,1,6,7,5,3,2,0,0,1,17
6.6,5.6,0.0,0.0,0.0,6.0,6.5,5.0,5.8,6.7,4.0,6.9,6.5,9.0,6.6,6.7,5.1,6.3,1,6,4,5,10,3,4,2,0,0,0,17
5.8,5.4,0.0,0.0,0.0,6.0,6.5,5.0,5.3,6.0,3.0,5.9,5.2,9.0,5.9,5.6,5.6,5.8,0,13,3,9,12,11,6,2,1,0,2,17
6.1,4.9,0.0,0.0,0.0,4.8,6.5,3.0,5.5,6.7,4.5,6.3,5.6,8.3,6.2,5.6,5.9,5.8,19,2,1,5,7,7,7,1,2,0,3,16
5.5,4.8,0.0,0.0,0.0,4.9,7.0,5.5,5.0,5.6,3.0,5.8,5.2,9.0,5.0,5.1,6.2,5.4,18,3,1,2,8,3,5,2,0,1,3,16
6.6,6.2,0.0,0.0,0.0,5.9,5.6,6.0,6.9,7.8,4.3,6.6,5.9,9.5,7.4,6.6,6.0,6.8,17,10,2,2,5,4,8,2,3,1,6,16
7.1,6.5,0.0,0.0,0.0,6.0,6.5,5.0,6.9,7.7,5.7,6.9,6.2,8.3,7.3,7.0,7.0,6.4,16,3,1,5,11,3,5,1,0,0,2,16
5.6,6.4,0.0,0.0,0.0,6.0,6.0,6.0,5.8,5.9,5.8,5.7,4.8,7.7,6.5,5.9,6.0,5.7,15,6,2,5,13,2,4,0,0,0,3,16
5.6,4.1,0.0,0.0,0.0,4.2,5.0,3.0,4.4,5.8,2.7,6.2,5.5,7.7,6.1,5.1,5.2,5.4,14,7,2,3,11,5,4,3,2,0,2,16
6.3,6.0,0.0,0.0,0.0,6.7,7.0,6.0,6.3,6.8,5.5,6.5,5.8,8.3,7.1,6.5,7.0,6.1,13,7,5,10,15,5,5,3,0,1,4,16
5.5,7.0,0.0,0.0,0.0,6.0,6.0,6.0,5.9,5.9,6.0,5.7,5.0,9.0,5.9,6.1,6.3,5.9,12,2,4,0,5,5,6,1,2,1,5,16
7.4,6.1,0.0,0.0,0.0,6.3,6.3,6.0,7.5,7.9,5.0,7.3,7.3,7.8,7.8,7.4,5.9,7.2,11,4,0,3,11,5,4,0,1,0,2,16
6.3,7.2,0.0,0.0,0.0,6.8,7.5,6.0,6.2,6.4,5.0,6.2,5.3,9.0,7.1,6.7,6.0,6.4,10,3,1,2,15,6,6,1,0,0,2,16
6.2,7.2,0.0,0.0,0.0,6.8,7.0,6.0,5.5,5.5,5.5,7.2,6.1,9.8,7.2,6.8,6.5,6.7,9,4,2,5,6,3,7,0,2,0,2,16
6.9,7.0,0.0,0.0,0.0,6.5,7.0,5.0,6.2,6.7,5.0,7.3,6.9,9.0,6.6,7.1,6.1,7.1,8,1,1,5,4,3,10,3,0,0,2,16
6.1,7.0,0.0,0.0,0.0,5.8,6.0,5.0,5.8,5.9,5.0,6.4,5.5,9.0,7.1,6.4,6.2,6.2,7,3,6,7,10,8,4,0,0,1,3,16
5.6,6.6,0.0,0.0,0.0,6.0,6.5,5.0,5.8,5.9,5.5,5.7,5.0,9.5,6.1,5.7,6.5,5.9,6,7,5,6,8,3,6,0,0,0,4,16
5.9,7.0,0.0,0.0,0.0,6.0,6.5,6.0,6.1,6.5,5.5,6.2,5.4,9.5,6.7,6.2,6.8,6.4,5,5,1,2,6,3,4,1,0,0,3,16
7.8,8.1,0.0,0.0,0.0,7.7,7.3,8.0,6.6,6.8,5.0,8.9,8.7,9.5,7.7,8.1,7.5,8.0,4,3,0,1,9,5,7,0,0,0,2,16
7.0,7.2,0.0,0.0,0.0,7.0,7.5,7.5,6.7,7.0,5.0,7.0,6.1,9.5,6.7,6.9,6.6,6.9,3,19,3,19,9,0,6,0,0,0,3,16
6.1,6.8,0.0,0.0,0.0,7.2,7.7,6.0,5.1,4.8,5.5,7.0,6.3,9.0,6.7,6.4,6.8,6.6,2,2,2,2,8,8,5,0,0,1,2,16
5.8,7.2,0.0,0.0,0.0,5.0,4.7,6.0,6.0,6.2,5.0,5.4,4.8,9.0,6.4,5.9,5.7,5.9,1,3,1,2,13,2,4,0,1,0,2,16
7.9,7.9,0.0,0.0,0.0,7.2,6.5,8.0,7.7,7.9,5.0,8.1,8.0,8.7,7.1,8.1,7.7,7.8,0,11,4,8,16,2,7,0,3,0,1,16
7.4,8.1,0.0,0.0,0.0,6.8,5.3,8.5,7.2,7.3,7.0,8.0,7.7,9.5,7.7,7.1,8.8,7.6,19,1,0,2,3,3,7,3,0,1,3,15
5.8,6.3,0.0,0.0,0.0,6.0,6.0,5.4,5.6,5.0,6.0,5.3,9.0,5.6,5.6,5.8,5.9,0.0,18,8,1,3,9,5,6,1,0,1,3,15
6.6,8.0,0.0,0.0,0.0,8.0,7.0,10.0,5.8,5.9,5.0,6.9,6.3,9.8,6.0,6.5,6.9,6.9,17,6,3,13,5,2,4,4,1,0,5,15
5.0,6.2,0.0,0.0,0.0,7.0,7.0,4.9,5.3,3.5,5.0,4.4,9.0,5.3,5.0,5.2,5.1,0.0,16,2,0,2,6,6,7,0,1,0,2,15
5.3,5.0,0.0,0.0,0.0,3.8,6.5,1.0,5.5,5.6,5.0,5.6,4.6,8.2,5.0,5.1,6.1,5.2,15,1,2,1,4,10,5,3,0,0,2,15
6.7,7.7,0.0,0.0,0.0,7.0,7.0,6.9,7.2,5.0,6.6,6.0,9.0,6.9,6.8,7.2,6.7,0.0,14,5,0,4,7,10,4,1,2,1,3,15
6.4,7.6,0.0,0.0,0.0,7.0,7.0,6.1,6.3,6.3,7.0,6.4,9.5,6.3,6.5,7.2,6.7,0.0,13,5,1,2,8,5,4,3,0,0,2,15
4.9,7.7,0.0,0.0,0.0,3.0,3.0,5.1,5.1,5.0,6.0,5.2,9.0,5.1,5.0,6.8,5.2,0.0,12,6,1,5,13,3,6,1,1,1,2,15
6.4,7.3,0.0,0.0,0.0,6.2,6.0,7.0,5.9,6.1,5.0,6.7,6.1,8.0,6.7,6.6,6.4,5.9,11,2,1,2,3,5,6,2,2,0,3,15
6.5,7.8,0.0,0.0,0.0,6.7,7.0,7.0,6.5,6.7,5.0,6.2,5.6,9.5,7.1,6.7,7.0,6.6,10,2,0,5,7,5,6,0,0,0,2,15
6.2,7.0,0.0,0.0,0.0,8.0,9.0,7.0,6.0,6.3,5.5,6.2,5.6,9.0,5.4,6.3,7.0,6.1,9,2,2,2,6,13,8,1,0,0,2,15
6.4,6.9,0.0,0.0,0.0,7.0,7.0,7.0,6.3,6.7,5.7,6.5,5.8,8.0,6.2,6.4,7.2,6.4,8,1,1,2,4,5,4,1,0,1,4,15
6.7,6.3,0.0,0.0,0.0,6.5,6.0,7.0,6.2,6.8,4.0,6.6,6.0,9.0,7.0,6.6,6.6,6.5,7,1,1,3,7,1,5,1,0,0,2,15
6.5,6.4,0.0,0.0,0.0,5.5,4.0,7.0,7.0,7.2,5.0,6.7,6.1,9.5,6.1,6.8,6.3,6.3,6,1,0,5,6,5,6,1,2,0,2,15
7.0,7.2,0.0,0.0,0.0,6.7,7.0,7.0,6.9,7.3,6.0,6.5,5.8,9.0,7.4,6.9,7.2,6.8,5,3,1,2,7,9,10,1,0,1,2,15
6.5,8.0,0.0,0.0,0.0,6.7,6.3,8.5,6.5,6.8,5.0,5.9,5.2,8.3,7.3,7.0,6.5,6.3,4,1,1,1,7,6,5,0,1,0,2,15
6.8,6.7,0.0,0.0,0.0,5.0,6.0,7.0,7.0,7.2,5.0,6.7,6.5,7.7,7.0,6.7,7.2,6.5,3,2,0,2,5,9,5,2,0,0,2,15
6.2,7.5,0.0,0.0,0.0,5.5,7.0,7.0,6.5,6.6,7.3,6.0,5.4,9.3,6.6,6.6,5.8,6.3,2,2,0,2,9,7,5,0,0,0,2,15
5.7,8.0,0.0,0.0,0.0,7.5,7.5,5.0,4.7,6.5,7.0,6.5,9.5,6.0,6.4,5.0,6.2,0.0,1,3,0,1,9,8,7,0,0,1,3,15
5.8,8.2,0.0,0.0,0.0,8.0,8.0,5.5,5.3,8.0,6.7,6.1,8.3,5.0,6.4,5.7,6.2,0.0,0,5,3,2,8,5,7,0,1,0,2,15
5.6,6.7,0.0,0.0,0.0,5.5,6.7,2.0,4.8,4.5,7.0,6.9,6.4,8.3,4.6,6.3,4.7,6.1,19,5,6,8,3,3,4,0,0,0,1,14
7.4,6.6,0.0,0.0,0.0,5.0,7.0,1.0,6.4,6.0,7.0,8.2,7.9,8.7,7.4,7.6,6.0,7.2,12,1,0,8,2,5,2,1,0,0,2,13
5.5,7.0,0.0,0.0,0.0,3.3,4.5,1.0,5.4,5.1,8.0,6.6,6.1,9.5,5.9,5.9,4.8,5.4,11,2,2,4,4,9,4,2,0,2,3,13
5.5,7.7,0.0,0.0,0.0,4.8,4.8,5.5,5.3,6.5,6.5,5.8,8.7,5.1,6.1,5.3,5.8,0.0,10,1,1,7,4,5,2,0,1,0,2,13
6.3,8.2,0.0,0.0,0.0,6.0,6.0,6.2,5.9,7.0,7.2,6.7,9.5,5.7,6.9,6.1,6.4,0.0,9,1,2,1,4,5,7,0,0,0,2,13
7.7,8.7,0.0,0.0,0.0,8.0,8.0,6.9,6.9,7.9,7.6,8.7,7.1,7.8,8.2,7.6,0.0,0.0,8,5,2,3,6,2,2,1,2,0,2,13
5.4,8.3,0.0,0.0,0.0,5.0,5.0,5.0,5.2,4.8,8.0,6.6,5.9,8.7,5.5,6.1,5.2,5.9,7,1,0,2,4,9,4,1,0,1,3,13
7.5,7.8,0.0,0.0,0.0,8.7,8.2,6.5,6.4,6.0,8.3,8.0,9.7,7.7,7.7,6.7,7.4,0.0,6,2,2,2,3,5,6,1,0,0,2,13
6.6,8.3,0.0,0.0,0.0,7.7,9.0,5.6,5.4,7.0,7.1,6.7,9.0,6.1,7.1,6.0,6.6,0.0,5,1,2,3,4,3,6,1,3,0,2,13
5.6,6.6,0.0,0.0,0.0,3.2,4.0,1.0,5.1,4.5,6.5,6.7,6.1,9.5,6.5,6.3,4.1,5.4,4,5,0,2,6,3,6,0,1,1,2,13
7.4,8.7,0.0,0.0,0.0,7.0,7.0,6.8,6.6,8.0,8.1,7.9,9.0,7.4,7.8,6.9,7.5,0.0,3,1,1,4,4,5,9,1,0,1,3,13
7.9,8.7,0.0,0.0,0.0,8.5,8.1,10.0,6.2,5.8,8.0,8.8,8.6,9.5,8.0,8.6,6.7,8.0,2,6,1,6,7,2,2,0,0,0,1,13
6.8,7.9,0.0,0.0,0.0,6.7,7.0,6.0,6.4,6.1,7.5,7.3,6.8,9.0,7.0,6.7,7.1,7.0,1,3,2,2,3,8,3,1,4,0,3,13
6.0,7.6,0.0,0.0,0.0,3.0,3.0,5.6,5.4,6.0,7.1,6.6,9.5,6.0,6.5,6.1,6.2,0.0,0,3,5,13,2,4,5,0,2,0,1,13
6.5,8.3,0.0,0.0,0.0,5.0,5.0,6.1,5.9,7.0,7.2,6.8,9.0,7.1,7.1,5.7,6.6,0.0,18,5,1,1,5,6,6,2,0,1,2,14
5.9,8.7,0.0,0.0,0.0,5.0,5.0,5.6,5.3,8.0,7.1,6.6,9.0,7.4,6.7,5.4,6.3,0.0,17,1,0,1,5,10,6,1,0,0,2,14
6.4,4.3,0.0,0.0,0.0,5.0,5.0,5.3,6.3,1.5,6.8,6.4,10.0,6.3,6.5,4.5,6.2,0.0,16,2,1,2,4,10,6,2,0,0,2,14
7.6,8.3,0.0,0.0,0.0,8.2,8.0,8.5,6.7,6.4,8.0,7.9,7.7,10.0,7.4,7.8,7.2,7.7,15,4,3,5,8,2,6,1,3,2,5,14
6.0,6.2,0.0,0.0,0.0,6.0,6.0,5.1,5.2,5.0,6.4,6.1,10.0,5.9,6.4,4.6,5.9,0.0,14,2,1,2,7,9,2,2,1,0,2,14
6.3,5.5,0.0,0.0,0.0,6.0,6.0,5.2,5.8,2.5,6.8,6.4,10.0,6.2,6.6,4.6,6.5,0.0,13,2,1,2,6,9,3,2,2,0,3,14
6.2,5.7,0.0,0.0,0.0,7.0,7.0,5.2,5.8,3.5,6.4,6.0,10.0,6.0,6.5,4.8,5.9,0.0,12,2,0,4,13,4,2,0,1,1,3,14
6.7,5.7,0.0,0.0,0.0,6.0,6.0,5.2,6.0,3.5,7.1,6.7,10.0,7.1,7.1,4.0,6.3,0.0,11,2,0,3,3,10,2,2,1,1,3,14
7.0,6.2,0.0,0.0,0.0,7.0,7.0,5.7,6.2,5.0,7.6,7.2,10.0,7.3,7.5,4.5,6.9,0.0,10,3,0,2,5,4,3,0,0,0,2,14
6.8,4.9,0.0,0.0,0.0,6.5,8.0,2.0,6.1,6.8,4.3,6.6,6.1,10.0,6.3,6.8,5.5,6.4,9,2,0,3,7,4,3,0,1,0,2,14
7.7,10.0,0.0,0.0,0.0,9.0,8.5,10.0,7.4,7.4,7.7,7.4,10.0,7.8,8.0,7.8,8.0,0.0,8,2,1,4,7,3,4,0,1,0,2,14
6.5,6.3,0.0,0.0,0.0,5.5,5.5,5.3,5.6,4.7,7.3,7.0,8.0,6.6,7.0,4.7,6.5,0.0,7,4,1,5,6,1,6,0,0,0,1,14
6.5,6.0,0.0,0.0,0.0,5.5,5.5,5.7,6.1,4.7,6.9,6.5,10.0,6.9,6.8,4.2,6.3,0.0,6,2,2,3,6,6,5,0,1,0,2,14
6.2,6.2,0.0,0.0,0.0,6.0,6.0,4.8,5.5,3.3,7.2,6.4,10.0,6.2,6.6,4.5,6.2,0.0,5,2,1,4,7,2,3,2,0,0,2,14
6.3,5.7,0.0,0.0,0.0,7.0,8.0,6.0,4.9,5.2,4.3,7.0,6.6,10.0,6.2,6.6,4.2,5.9,4,2,3,4,4,9,2,2,0,0,3,14
6.3,5.3,0.0,0.0,0.0,6.3,7.0,5.2,6.2,3.3,6.1,5.6,8.7,6.3,6.5,4.6,5.9,0.0,3,1,0,3,5,5,5,0,0,1,2,14
6.1,5.5,0.0,0.0,0.0,5.0,5.0,4.7,5.3,1.0,6.8,6.4,10.0,6.5,6.7,3.8,5.9,0.0,2,1,1,3,5,7,4,0,1,0,3,14
6.2,5.2,0.0,0.0,0.0,6.3,6.3,4.7,5.1,3.7,7.2,6.9,10.0,6.4,6.6,4.5,6.0,0.0,1,2,0,2,4,9,6,1,2,1,3,14
6.5,6.5,0.0,0.0,0.0,7.2,7.0,7.5,5.5,6.1,1.0,6.7,6.2,10.0,6.9,7.1,4.3,6.4,0,8,3,6,12,4,2,1,3,1,3,14
6.3,5.5,0.0,0.0,0.0,6.0,6.0,5.1,5.7,4.0,6.6,6.3,10.0,6.0,6.6,4.5,6.1,0.0,19,4,1,2,4,9,5,0,0,0,2,12
6.4,5.5,0.0,0.0,0.0,6.0,6.0,5.5,6.1,1.0,6.7,6.2,10.0,7.1,7.1,3.5,6.2,0.0,18,1,1,2,2,15,5,1,0,1,2,12
7.9,8.3,0.0,0.0,0.0,8.0,7.0,10.0,6.7,7.2,5.0,8.4,8.2,10.0,7.7,7.9,8.2,8.0,17,3,0,2,1,5,6,1,1,1,3,12
7.9,8.0,0.0,0.0,0.0,8.5,8.0,10.0,7.2,7.8,6.0,7.9,7.7,10.0,7.4,7.8,8.5,7.9,16,1,2,2,2,9,3,0,0,0,2,12
7.9,7.5,0.0,0.0,0.0,7.0,7.0,6.8,7.2,5.0,8.1,7.9,10.0,7.0,7.6,10.0,7.6,0.0,15,1,1,2,3,6,4,1,2,0,1,12
7.8,8.8,0.0,0.0,0.0,7.8,7.0,10.0,6.8,6.5,7.5,8.6,8.4,10.0,7.7,8.1,7.7,8.0,14,9,1,4,7,4,2,1,0,2,1,12
7.7,10.0,0.0,0.0,0.0,9.0,8.0,10.0,6.4,6.4,8.0,7.7,10.0,7.4,8.0,8.3,7.8,0.0,13,1,1,4,3,6,3,1,0,0,1,12
7.2,6.5,0.0,0.0,0.0,5.7,7.0,6.0,6.6,3.0,7.4,7.1,10.0,6.8,7.1,7.3,6.7,0.0,12,4,1,4,3,4,3,1,0,0,2,12
6.7,7.5,0.0,0.0,0.0,6.0,6.0,5.4,5.5,5.0,7.3,7.0,10.0,6.3,6.8,6.5,6.6,0.0,11,4,1,4,6,2,5,0,1,0,0,12
7.9,7.3,0.0,0.0,0.0,4.0,7.0,6.9,7.5,6.0,7.9,7.6,10.0,7.6,7.4,9.0,7.5,0.0,10,2,1,2,1,9,5,1,0,0,1,12
8.0,9.0,0.0,0.0,0.0,8.0,7.0,10.0,6.7,6.6,7.0,8.5,8.4,10.0,7.9,8.1,8.2,7.8,9,1,1,1,2,7,7,1,0,0,1,12
7.4,8.0,0.0,0.0,0.0,5.0,5.0,7.1,7.1,7.0,7.4,7.1,10.0,6.8,7.4,7.0,7.0,0.0,8,4,1,1,4,6,4,1,0,1,1,12
8.1,8.7,0.0,0.0,0.0,8.8,8.5,10.0,7.9,8.0,6.0,8.3,8.2,10.0,8.1,8.1,8.6,8.1,7,12,8,8,6,9,2,0,0,0,0,12
7.4,7.5,0.0,0.0,0.0,7.5,7.5,6.6,6.8,5.0,7.8,7.5,10.0,7.1,7.3,8.1,7.5,0.0,6,2,4,3,6,4,5,0,0,0,1,12
8.0,8.4,0.0,0.0,0.0,7.9,8.0,9.0,6.8,6.8,8.2,8.5,8.4,10.0,7.7,8.0,7.4,7.9,5,8,6,10,3,0,2,1,0,0,1,12
6.1,6.5,0.0,0.0,0.0,5.5,5.5,5.6,6.0,3.0,6.3,5.8,10.0,5.7,6.1,6.3,6.1,0.0,4,9,2,4,7,1,4,0,0,0,0,12
7.3,8.0,0.0,0.0,0.0,7.8,8.2,6.0,6.8,6.4,8.0,7.5,7.2,10.0,6.2,7.6,7.0,7.2,3,4,3,3,4,4,5,2,0,0,2,12
7.4,8.0,0.0,0.0,0.0,6.8,6.7,7.0,7.5,7.5,7.0,7.5,7.3,10.0,8.0,7.5,7.5,7.5,2,2,1,1,6,2,4,0,1,0,2,12
8.3,9.2,0.0,0.0,0.0,9.1,8.9,10.0,7.9,7.7,8.5,8.4,8.3,10.0,8.0,8.4,8.2,8.2,1,3,0,4,3,9,5,1,1,0,3,12
7.2,7.0,0.0,0.0,0.0,7.0,7.0,6.6,7.1,4.0,7.3,7.0,10.0,6.2,7.2,7.0,7.3,0.0,0,12,4,18,3,5,2,1,2,0,1,12
8.7,8.6,0.0,0.0,0.0,8.7,9.1,8.2,8.1,8.2,10.0,8.9,8.8,10.0,7.8,9.2,7.5,8.5,17,9,2,5,6,4,4,2,0,0,0,11
7.8,8.8,0.0,0.0,0.0,6.8,4.5,9.0,7.6,7.7,7.0,8.2,8.0,10.0,7.7,7.9,8.6,8.0,16,3,0,2,2,8,5,3,0,0,2,11
7.1,10.0,0.0,0.0,0.0,6.5,6.5,7.8,7.8,6.5,6.0,10.0,6.9,7.2,7.7,6.9,0.0,0.0,15,8,1,2,7,3,7,1,1,0,1,11
6.5,6.3,0.0,0.0,0.0,6.5,6.5,6.1,6.6,4.5,6.3,5.9,10.0,6.4,6.5,7.0,6.4,0.0,14,1,0,3,4,1,7,2,4,1,2,11
8.3,9.1,0.0,0.0,0.0,7.7,8.5,10.0,8.5,8.7,8.3,8.0,9.3,8.7,8.5,8.0,7.9,0.0,13,2,1,2,5,3,5,2,1,1,5,11
6.0,10.0,0.0,0.0,0.0,6.0,6.0,6.2,6.2,6.0,5.2,10.0,5.8,6.3,7.5,6.4,0.0,0.0,12,2,1,2,6,5,2,0,0,0,1,11
6.0,7.0,0.0,0.0,0.0,6.3,6.3,5.5,5.5,6.0,5.8,7.0,6.7,6.5,4.8,5.9,0.0,0.0,11,1,2,2,4,6,3,1,0,0,0,11
6.7,7.0,0.0,0.0,0.0,6.0,6.0,6.6,6.6,6.5,6.5,7.0,6.9,6.9,6.4,6.5,0.0,0.0,10,2,0,2,1,2,6,4,4,0,1,11
7.6,8.8,0.0,0.0,0.0,9.0,8.7,10.0,7.6,6.9,10.0,7.5,7.5,7.5,7.2,8.0,7.7,7.8,9,3,2,2,4,9,6,1,0,3,2,11
5.8,4.8,0.0,0.0,0.0,3.5,6.0,1.0,5.6,5.9,4.0,5.6,5.3,7.0,5.3,5.5,5.9,5.5,8,2,1,3,6,7,2,1,0,0,1,11
6.5,5.8,0.0,0.0,0.0,5.5,6.0,5.0,5.8,6.1,4.0,6.5,6.4,7.0,6.7,6.3,7.5,6.3,7,2,1,4,2,4,5,4,0,0,1,11
6.6,6.2,0.0,0.0,0.0,5.7,5.7,6.3,6.4,5.5,6.7,6.7,7.0,6.5,6.6,7.2,6.5,0.0,6,3,0,2,7,6,6,1,0,0,1,11
6.5,7.1,0.0,0.0,0.0,5.3,4.0,8.0,6.2,6.1,6.5,6.7,6.5,7.3,6.6,6.6,7.2,6.6,5,4,1,2,6,5,3,1,2,0,1,11
6.8,5.6,0.0,0.0,0.0,8.3,10.0,5.0,6.0,6.3,5.2,6.4,6.3,6.3,6.7,6.4,7.5,6.5,4,2,2,6,9,2,6,2,0,1,2,11
7.2,6.2,0.0,0.0,0.0,8.0,8.0,6.5,6.6,6.0,6.6,6.6,6.5,6.8,6.8,7.0,6.9,0.0,3,3,0,3,8,5,3,0,0,0,1,11
7.0,6.2,0.0,0.0,0.0,5.0,5.0,6.6,7.0,5.0,6.8,6.7,7.5,6.6,6.8,7.0,6.8,0.0,2,4,3,1,5,6,3,1,1,0,3,11
6.8,5.6,0.0,0.0,0.0,6.5,7.0,6.0,6.1,6.6,5.3,6.5,6.4,6.3,7.0,6.4,7.2,6.3,1,4,2,4,7,6,4,2,0,2,1,11
7.0,6.5,0.0,0.0,0.0,6.0,6.0,6.9,7.2,5.0,6.7,6.5,7.0,7.0,7.0,6.9,7.0,0.0,0,5,0,3,8,5,8,3,0,0,2,11
7.7,7.7,0.0,0.0,0.0,5.5,5.3,6.0,7.2,7.2,7.0,8.0,7.8,10.0,7.6,7.6,8.3,7.6,17,5,1,4,1,8,3,1,1,1,3,10
6.4,6.2,0.0,0.0,0.0,4.7,4.7,5.9,6.0,5.5,6.4,6.3,7.0,6.4,6.5,6.5,5.9,0.0,16,3,0,8,3,5,2,3,0,2,2,10
6.9,5.9,0.0,0.0,0.0,5.0,6.0,4.0,6.3,6.7,5.0,6.8,6.8,6.7,6.8,6.8,6.4,6.6,15,6,1,4,4,8,2,2,2,3,2,10
8.0,7.9,0.0,0.0,0.0,8.0,7.0,10.0,8.0,8.2,7.5,7.9,8.0,7.0,7.8,7.9,8.1,7.9,14,4,2,6,7,3,1,0,0,0,2,10
8.0,7.6,0.0,0.0,0.0,8.9,9.3,10.0,7.0,7.1,6.5,8.3,8.4,7.5,7.8,8.2,7.7,7.9,13,5,1,4,0,4,4,3,2,3,4,10
5.9,7.0,0.0,0.0,0.0,3.0,3.0,4.8,4.9,4.0,6.8,6.6,8.0,6.6,6.7,4.0,5.9,0.0,12,4,0,5,2,11,2,2,4,0,3,10
6.4,6.7,0.0,0.0,0.0,6.0,6.0,10.0,5.7,5.7,6.0,6.9,6.8,6.7,6.7,6.7,5.8,6.6,11,4,1,5,1,6,4,1,1,0,2,10
6.2,7.5,0.0,0.0,0.0,5.5,4.0,7.0,5.5,5.1,6.5,7.1,6.8,10.0,6.3,6.4,6.7,6.3,10,7,1,5,9,2,2,0,0,0,1,10
6.2,7.0,0.0,0.0,0.0,6.0,6.0,5.3,5.2,5.5,6.9,6.5,10.0,5.9,6.1,7.3,6.2,0.0,9,3,1,4,1,6,6,2,1,0,3,10
6.3,7.0,0.0,0.0,0.0,6.0,6.0,5.5,5.7,4.0,6.8,6.5,10.0,5.9,6.3,6.7,6.3,0.0,8,11,6,10,8,5,4,1,0,0,3,10
5.8,7.3,0.0,0.0,0.0,5.5,5.5,5.3,5.2,6.0,6.2,5.9,8.0,5.5,5.9,6.2,5.9,0.0,7,5,2,6,4,2,5,4,0,0,2,10
6.0,6.4,0.0,0.0,0.0,6.0,10.0,6.0,5.4,5.4,5.2,6.4,6.1,10.0,6.0,6.1,6.3,6.0,6,4,1,5,1,1,5,3,1,3,4,10
6.4,7.5,0.0,0.0,0.0,6.5,7.0,6.0,5.8,5.8,6.0,6.7,6.5,9.0,6.0,6.5,6.7,6.4,5,6,1,5,5,7,0,0,0,0,1,10
6.6,7.2,0.0,0.0,0.0,7.0,7.0,6.2,6.1,6.5,7.0,6.7,8.0,6.7,6.9,6.4,6.6,0.0,4,11,2,9,4,2,2,1,0,0,1,10
5.6,7.0,0.0,0.0,0.0,2.4,4.8,5.0,5.1,4.0,6.3,6.0,10.0,5.9,5.7,5.0,5.9,0.0,3,5,0,6,6,6,2,0,0,0,2,10
6.7,6.9,0.0,0.0,0.0,8.5,8.5,6.2,6.2,6.1,6.4,6.1,10.0,6.8,7.0,6.2,6.8,0.0,2,4,2,4,1,10,6,1,1,0,3,10
7.8,9.1,0.0,0.0,0.0,8.6,7.0,10.0,8.0,8.3,7.0,7.6,7.3,10.0,8.0,7.4,8.9,8.1,1,6,0,4,4,3,5,1,1,0,2,10
7.9,8.6,0.0,0.0,0.0,8.5,8.7,10.0,7.5,8.1,5.7,7.9,7.5,10.0,7.9,8.0,8.7,8.1,0,5,1,5,1,5,4,0,2,0,3,10
7.4,8.0,0.0,0.0,0.0,7.3,7.5,7.3,7.6,6.0,7.3,7.1,10.0,7.5,7.1,8.7,7.5,0.0,18,5,3,3,2,8,2,3,0,2,3,9
7.4,6.3,0.0,0.0,0.0,6.8,7.3,7.0,6.9,7.2,6.0,6.8,6.9,6.0,7.2,7.2,6.9,7.0,17,8,1,7,7,4,1,0,0,0,1,9
5.6,4.2,0.0,0.0,0.0,4.7,7.0,1.0,4.8,4.9,4.5,5.4,5.6,7.0,6.4,5.4,4.8,5.6,16,4,1,3,3,7,7,1,1,1,3,9
6.2,5.2,0.0,0.0,0.0,6.3,6.5,5.7,6.0,5.0,5.8,5.9,5.5,6.8,6.2,5.7,6.1,0.0,15,7,0,6,2,9,4,3,0,0,3,9
6.6,5.7,0.0,0.0,0.0,6.3,6.5,6.1,6.1,6.4,6.6,5.7,6.8,6.6,6.3,6.4,0.0,0.0,14,3,1,7,2,5,2,1,3,0,4,9
7.1,6.3,0.0,0.0,0.0,6.8,6.7,6.6,7.2,3.0,7.0,6.7,8.0,6.7,6.7,7.8,6.9,0.0,13,4,0,4,2,6,2,1,0,0,3,9
6.8,6.7,0.0,0.0,0.0,7.0,7.0,6.0,6.7,3.0,6.7,6.4,8.5,6.9,6.4,8.0,6.8,0.0,12,5,1,6,7,3,1,1,0,0,3,9
6.2,7.5,0.0,0.0,0.0,7.0,7.0,6.0,6.2,5.0,6.0,5.6,10.0,6.7,6.0,7.7,6.2,0.0,11,6,1,6,4,8,3,0,2,1,3,9
6.5,6.8,0.0,0.0,0.0,6.0,6.0,6.2,6.5,5.0,6.5,6.2,8.5,6.2,6.4,7.0,6.4,0.0,10,8,0,6,6,4,1,0,0,0,0,9
6.4,5.5,0.0,0.0,0.0,5.3,5.5,5.8,6.0,5.0,6.3,6.4,5.7,6.4,6.4,5.8,6.2,0.0,9,6,0,4,6,5,3,1,1,0,3,9
7.2,6.0,0.0,0.0,0.0,7.0,7.0,7.0,6.6,6.6,6.9,7.1,5.5,7.3,7.3,5.4,6.9,0.0,8,4,0,4,6,9,2,2,0,0,3,9
6.4,6.0,0.0,0.0,0.0,5.7,6.5,5.9,5.7,7.0,6.3,6.4,5.5,6.0,6.5,6.1,6.3,0.0,7,6,0,4,1,8,3,1,1,1,3,9
6.1,6.7,0.0,0.0,0.0,5.7,6.0,5.6,5.7,5.0,6.4,6.1,10.0,6.9,6.3,6.0,6.2,0.0,6,4,1,5,0,10,4,0,3,0,4,9
6.6,4.7,0.0,0.0,0.0,6.7,6.0,5.4,6.4,3.7,6.5,6.6,6.3,6.6,6.2,6.0,6.6,0.0,5,5,0,6,1,5,5,2,1,0,5,9
6.5,6.5,0.0,0.0,0.0,6.7,6.5,6.6,7.0,7.0,5.9,5.9,6.0,6.2,6.6,5.8,6.4,0.0,4,4,0,4,3,5,3,4,0,0,4,9
8.2,6.3,0.0,0.0,0.0,9.0,9.0,8.5,7.4,8.2,6.5,7.8,7.9,5.5,7.6,8.3,7.5,7.9,3,3,0,5,4,8,6,1,0,1,3,9
8.0,7.4,0.0,0.0,0.0,8.2,8.5,8.7,7.1,7.6,6.2,7.9,7.9,7.2,7.1,7.9,7.3,7.8,2,5,0,4,4,6,4,1,0,0,3,9
7.9,7.7,0.0,0.0,0.0,8.8,8.5,10.0,7.5,7.8,8.2,7.3,7.4,6.0,7.4,7.6,8.6,7.8,1,4,2,3,3,8,7,1,1,0,3,9
7.5,7.0,0.0,0.0,0.0,7.3,7.2,10.0,7.3,7.3,7.0,7.4,7.4,6.3,7.9,7.2,8.1,7.4,0,3,1,3,4,6,2,0,0,1,3,9
7.7,6.6,0.0,0.0,0.0,7.3,7.2,8.0,7.8,8.0,7.0,7.4,7.3,5.5,7.3,7.3,8.0,7.6,19,7,2,4,6,1,3,0,0,0,0,8
6.7,6.7,0.0,0.0,0.0,6.2,6.7,10.0,6.3,6.7,4.0,6.2,6.3,5.7,6.6,6.4,7.6,6.4,18,7,3,5,9,4,0,1,0,0,0,8
7.7,5.7,0.0,0.0,0.0,6.8,7.5,5.5,7.5,7.9,6.5,7.3,7.4,7.5,7.1,7.2,8.1,7.5,17,6,5,4,6,1,1,0,2,1,0,8
7.2,5.5,0.0,0.0,0.0,8.2,8.0,10.0,6.8,7.2,3.0,6.5,6.7,5.7,6.2,6.8,7.4,6.9,16,9,2,6,5,3,1,0,1,0,0,8
7.7,7.6,0.0,0.0,0.0,7.8,8.0,10.0,6.8,6.8,7.0,7.7,7.7,7.5,7.6,7.6,8.0,7.4,15,7,1,5,3,4,1,0,1,0,0,8
6.4,10.0,0.0,0.0,0.0,5.7,5.0,10.0,6.8,6.8,6.6,6.3,10.0,6.6,6.3,7.5,6.4,0.0,14,3,1,6,3,5,1,1,2,0,1,8
7.5,6.9,0.0,0.0,0.0,7.2,8.0,10.0,6.8,7.0,6.0,7.3,7.2,7.3,6.6,7.3,7.6,7.3,13,4,0,4,6,4,4,0,2,0,1,8
7.5,7.8,0.0,0.0,0.0,7.8,8.0,10.0,7.1,7.1,7.0,7.2,7.3,7.0,7.5,7.3,8.3,7.4,12,7,1,5,4,3,3,0,0,0,1,8
7.1,6.1,0.0,0.0,0.0,6.5,7.0,5.5,7.3,7.3,7.0,6.7,6.7,7.0,7.1,6.7,8.0,7.1,11,3,3,3,3,4,6,3,0,0,1,8
6.4,6.5,0.0,0.0,0.0,7.5,7.3,10.0,6.9,7.4,4.0,5.7,5.6,6.7,6.5,6.2,7.2,6.2,10,10,0,7,9,1,2,1,0,1,0,8
7.9,8.0,0.0,0.0,0.0,8.6,9.0,8.7,8.2,8.3,8.8,7.5,7.6,8.0,8.0,8.0,8.2,7.9,9,5,3,4,5,1,9,0,0,0,1,8
7.7,7.8,0.0,0.0,0.0,7.3,6.8,9.0,7.7,7.9,7.0,7.7,7.7,6.5,8.1,7.5,8.2,7.6,8,8,4,19,3,2,0,1,0,0,1,8
7.9,8.4,0.0,0.0,0.0,8.0,7.4,9.1,7.7,8.0,7.5,7.9,7.9,7.5,7.6,7.9,7.8,7.9,7,7,1,5,8,6,3,0,0,0,0,8
7.1,7.6,0.0,0.0,0.0,8.1,5.7,10.0,8.0,8.0,6.3,6.3,6.5,7.4,6.5,8.9,7.0,0.0,6,17,2,11,5,4,1,1,0,0,3,8
8.2,8.7,0.0,0.0,0.0,9.3,9.2,10.0,7.8,7.9,7.5,8.1,8.1,7.7,7.8,8.2,8.5,8.2,5,3,0,4,2,4,7,1,2,0,1,8
7.1,7.1,0.0,0.0,0.0,6.8,6.6,10.0,7.5,8.0,5.5,6.6,6.6,6.3,7.0,6.7,7.2,7.0,4,9,3,4,9,4,3,3,0,0,2,8
7.1,7.3,0.0,0.0,0.0,7.9,7.0,10.0,6.0,6.4,3.0,7.2,7.2,6.5,6.9,6.8,8.1,7.2,3,6,1,4,12,5,0,0,1,0,0,8
7.5,7.5,0.0,0.0,0.0,8.8,8.5,10.0,6.6,6.8,5.0,7.4,7.5,7.0,7.8,7.3,7.6,7.4,2,13,4,13,7,2,0,1,0,0,1,8
7.1,7.7,0.0,0.0,0.0,7.8,7.2,10.0,6.6,6.8,5.0,6.9,6.9,7.0,7.5,7.0,7.3,7.2,1,6,0,5,7,3,2,3,0,0,0,8
7.7,5.8,0.0,0.0,0.0,6.6,7.2,5.5,7.6,7.6,7.6,7.6,8.0,7.9,7.1,7.8,7.4,0.0,0,21,6,7,3,5,2,0,0,0,1,8
8.7,8.8,0.0,0.0,0.0,8.9,8.3,10.0,8.6,8.7,8.0,8.7,8.7,8.5,8.6,8.8,7.9,8.4,19,10,1,8,5,2,2,0,0,0,1,7
7.0,7.5,0.0,0.0,0.0,7.6,7.2,10.0,5.5,6.0,5.5,6.9,6.9,7.3,7.3,7.0,6.7,7.0,18,3,1,4,4,5,3,0,0,0,1,7
7.7,8.6,0.0,0.0,0.0,7.9,7.0,9.2,7.8,7.8,7.0,7.7,7.6,7.7,8.1,7.6,8.1,7.8,17,3,0,3,3,8,4,0,1,0,1,7
7.9,7.7,0.0,0.0,0.0,8.6,8.3,10.0,7.3,8.0,4.0,7.6,7.6,7.3,7.1,7.6,8.3,7.6,16,11,2,15,7,1,0,1,3,0,0,7
6.7,8.8,0.0,0.0,0.0,7.0,6.8,10.0,6.2,6.5,5.0,6.6,6.4,10.0,6.4,6.6,7.4,6.6,15,5,1,3,3,6,4,1,3,0,1,7
6.6,6.2,0.0,0.0,0.0,6.6,6.7,7.3,6.4,6.6,6.0,6.3,6.5,5.3,7.5,6.4,6.8,6.4,14,3,0,3,3,6,8,2,1,0,2,7
7.5,7.1,0.0,0.0,0.0,6.9,7.3,7.0,7.3,7.2,7.5,7.4,7.4,7.0,7.5,7.5,7.3,7.0,13,2,1,4,3,6,4,1,0,0,1,7
7.6,7.3,0.0,0.0,0.0,8.0,7.7,9.7,7.8,8.2,3.0,7.0,7.0,7.0,7.1,7.2,8.4,7.5,12,9,3,2,7,2,5,0,0,0,0,7
7.9,8.4,0.0,0.0,0.0,8.3,7.9,9.2,7.5,7.6,7.0,7.7,7.7,7.5,7.7,7.8,8.2,7.7,11,2,1,3,3,3,4,3,3,1,2,7
8.1,8.6,0.0,0.0,0.0,8.3,7.6,10.0,8.3,8.5,7.5,7.8,7.8,7.5,7.7,8.2,7.5,7.8,10,4,1,3,2,4,7,4,0,0,1,7
7.7,7.7,0.0,0.0,0.0,7.7,7.0,10.0,7.7,7.8,6.0,7.5,7.5,5.5,7.9,7.4,8.1,7.5,9,5,1,3,6,8,3,5,0,0,1,7
7.7,7.5,0.0,0.0,0.0,7.6,7.3,9.0,7.7,7.8,6.0,7.6,7.6,5.5,7.8,7.5,7.9,7.5,8,3,2,4,6,6,6,0,0,1,1,7
6.9,7.1,0.0,0.0,0.0,8.1,7.3,10.0,6.3,7.0,3.0,6.6,6.5,7.0,6.5,6.7,7.3,6.8,7,5,2,4,5,10,6,3,0,1,1,7
8.0,7.6,0.0,0.0,0.0,7.7,7.7,8.1,8.1,8.5,7.0,7.6,7.7,7.0,7.8,7.7,8.0,7.9,6,2,2,6,5,5,2,1,0,0,1,7
7.1,6.6,0.0,0.0,0.0,7.0,6.8,10.0,6.7,7.2,5.0,6.5,6.6,5.5,6.8,6.7,7.1,7.0,5,3,2,5,8,3,3,2,1,0,1,7
6.7,6.5,0.0,0.0,0.0,8.2,8.5,10.0,5.8,6.2,4.5,6.1,6.2,5.5,6.7,6.7,6.3,6.4,4,3,2,2,5,14,6,2,0,0,1,7
6.7,7.3,0.0,0.0,0.0,8.4,8.0,10.0,6.5,6.6,6.5,6.1,6.2,5.5,7.1,6.8,6.4,6.8,3,4,3,4,7,7,3,1,0,0,1,7
7.5,7.8,0.0,0.0,0.0,8.7,8.4,10.0,7.3,7.5,7.0,7.0,7.0,7.5,6.9,7.2,7.6,7.4,2,7,2,3,9,2,2,0,0,0,1,7
7.9,8.4,0.0,0.0,0.0,8.6,7.8,10.0,7.9,8.0,7.0,7.6,7.6,6.5,8.4,7.6,8.5,7.9,1,3,1,4,4,11,3,3,0,0,4,7
7.2,8.3,0.0,0.0,0.0,8.3,8.0,10.0,7.3,7.4,5.0,6.6,6.6,7.0,7.6,6.9,7.7,7.3,0,4,3,4,6,11,2,5,0,0,1,7
7.7,8.9,0.0,0.0,0.0,8.7,8.1,10.0,7.7,7.7,7.3,7.3,7.0,7.8,7.7,8.0,7.8,0.0,12,6,4,7,10,2,0,1,0,0,0,6
7.2,6.2,0.0,0.0,0.0,7.5,7.2,10.0,7.1,7.6,5.7,6.4,6.6,5.5,8.0,6.7,7.5,7.0,11,10,0,11,6,4,3,0,0,0,0,6
7.0,7.1,0.0,0.0,0.0,8.2,8.0,10.0,6.9,7.2,6.0,6.1,6.2,6.2,7.3,6.6,7.9,6.7,10,4,1,7,3,1,5,3,3,0,4,6
6.9,7.9,0.0,0.0,0.0,7.7,7.4,10.0,6.7,6.8,6.5,6.6,6.6,7.0,7.5,6.8,7.4,7.2,9,6,0,2,10,5,0,4,1,1,1,6
7.4,8.0,0.0,0.0,0.0,8.3,8.2,10.0,6.9,7.0,6.0,7.1,7.0,7.7,7.5,7.1,8.1,7.3,8,2,2,2,6,6,1,2,2,0,1,6
7.1,7.6,0.0,0.0,0.0,8.5,8.2,10.0,6.4,6.6,6.3,7.1,6.9,7.7,7.3,7.0,7.8,7.2,7,3,1,2,2,4,4,2,0,1,1,6
8.1,8.2,0.0,0.0,0.0,8.5,7.9,10.0,7.9,7.9,7.3,8.0,8.1,5.5,7.7,8.2,7.5,8.0,6,4,2,3,3,7,3,6,1,0,1,6
6.8,7.4,0.0,0.0,0.0,7.8,8.0,10.0,5.6,5.8,4.0,6.6,6.6,7.0,7.5,6.8,6.5,6.5,5,3,0,3,4,9,6,1,3,1,1,6
7.0,6.6,0.0,0.0,0.0,7.1,8.8,7.0,6.8,7.0,6.0,6.3,6.2,7.0,7.2,6.5,7.5,6.7,4,4,0,3,6,10,5,4,2,1,1,6
7.3,8.0,0.0,0.0,0.0,8.3,8.5,10.0,6.7,6.7,8.0,7.1,7.1,7.0,7.1,7.3,7.6,7.2,3,3,0,7,5,8,4,4,0,0,1,6
7.3,8.0,0.0,0.0,0.0,8.2,7.8,10.0,7.3,7.4,7.0,6.8,6.8,6.5,7.4,7.1,7.9,7.3,2,2,2,5,8,6,3,2,1,0,1,6
7.9,8.6,0.0,0.0,0.0,8.8,8.1,10.0,7.2,7.3,7.0,7.8,7.9,7.0,7.7,7.6,8.3,7.9,1,6,3,3,6,8,2,5,3,1,5,6
6.8,7.4,0.0,0.0,0.0,7.6,7.2,10.0,5.8,5.9,5.5,6.9,6.9,7.0,7.2,6.5,7.1,6.9,0,8,0,2,13,12,1,2,0,2,1,6
7.5,8.4,0.0,0.0,0.0,8.3,8.0,9.2,6.6,6.6,7.8,7.9,7.9,8.0,8.4,7.6,7.2,7.7,19,9,4,6,7,3,2,0,0,0,0,5
6.9,8.0,0.0,0.0,0.0,8.3,8.5,10.0,6.2,6.2,7.0,6.7,6.8,6.5,7.5,6.7,7.9,7.0,18,10,4,10,5,3,1,0,1,0,0,5
7.5,7.9,0.0,0.0,0.0,8.0,7.4,10.0,7.5,7.8,6.0,7.1,7.1,7.0,7.7,7.2,7.6,7.6,17,5,3,5,9,4,2,0,1,0,0,5
7.8,8.3,0.0,0.0,0.0,8.8,8.2,10.0,7.6,7.6,7.7,7.7,7.8,6.0,7.6,7.8,7.7,7.7,16,7,1,3,14,4,3,0,1,1,1,5
6.7,7.1,0.0,0.0,0.0,7.5,7.3,10.0,6.3,6.4,5.8,6.7,6.7,7.0,7.8,6.6,7.1,6.7,15,3,1,1,8,6,3,4,2,0,4,5
7.6,7.9,0.0,0.0,0.0,8.8,8.6,10.0,7.2,7.3,7.5,7.3,7.4,6.0,8.1,7.5,7.6,7.7,14,2,1,3,6,5,8,1,0,0,2,5
7.6,7.6,0.0,0.0,0.0,8.4,8.1,10.0,7.3,7.4,5.9,7.3,7.3,7.3,8.4,7.5,7.8,7.6,13,3,2,1,8,10,4,0,1,0,2,5
7.4,7.3,0.0,0.0,0.0,8.2,8.0,10.0,6.5,6.6,7.0,7.4,7.3,6.5,7.2,7.1,7.7,7.4,12,5,4,5,9,6,1,4,1,0,1,5
6.8,7.7,0.0,0.0,0.0,8.0,7.7,9.7,6.3,6.3,6.5,6.6,6.5,8.0,7.4,6.3,7.8,6.9,11,4,1,3,11,3,3,0,2,0,1,5
5.7,6.5,0.0,0.0,0.0,6.5,6.6,10.0,5.1,5.2,4.5,5.7,5.6,6.7,6.1,5.4,6.2,5.6,10,2,0,3,8,4,6,1,1,0,1,5
8.0,8.5,0.0,0.0,0.0,8.8,8.7,10.0,7.5,7.4,8.0,7.9,7.9,7.0,8.0,7.9,8.2,8.0,9,4,4,4,12,3,1,5,0,1,2,5
7.5,8.2,0.0,0.0,0.0,7.8,7.8,8.7,7.3,7.3,7.0,7.4,7.2,9.0,7.5,7.1,8.2,7.4,8,3,1,3,7,10,2,2,2,0,1,5
6.7,8.0,0.0,0.0,0.0,8.0,8.1,10.0,6.5,6.5,7.0,6.4,6.3,7.7,6.8,6.5,7.4,6.7,7,4,0,3,5,8,6,1,1,0,2,5
8.1,8.9,0.0,0.0,0.0,9.0,8.8,10.0,7.5,7.3,9.0,8.3,8.4,7.5,8.1,8.2,8.2,8.1,6,9,3,7,11,3,5,1,0,3,2,5
7.0,7.5,0.0,0.0,0.0,8.1,8.0,10.0,6.6,6.7,6.3,6.8,6.8,7.0,7.2,6.6,7.9,6.8,5,6,1,2,8,3,6,4,2,0,2,5
7.2,7.2,0.0,0.0,0.0,7.9,7.6,10.0,6.9,7.0,6.3,6.8,6.9,6.2,7.5,6.8,7.5,7.0,4,2,2,3,6,7,7,2,1,0,1,5
7.5,7.7,0.0,0.0,0.0,7.7,7.7,8.0,7.0,7.0,7.0,7.5,7.5,7.0,7.3,7.2,7.3,7.3,3,6,3,2,9,7,4,1,3,1,1,5
7.5,7.2,0.0,0.0,0.0,7.6,7.7,8.7,7.0,7.2,6.3,7.6,7.6,7.0,7.5,7.2,7.9,7.4,2,5,1,2,9,6,4,4,1,1,1,5
7.5,8.8,0.0,0.0,0.0,8.4,8.1,9.8,7.0,6.8,8.5,7.7,7.7,7.4,7.5,7.5,7.5,7.7,1,13,3,9,6,5,1,0,1,0,1,5
7.1,7.5,0.0,0.0,0.0,8.3,8.1,10.0,6.7,6.7,6.5,6.9,7.0,7.0,6.9,6.8,7.6,7.0,0,16,5,9,11,6,3,0,2,0,1,5
6.4,7.0,0.0,0.0,0.0,7.2,7.1,8.2,6.2,6.2,6.0,6.0,6.0,6.2,6.4,6.2,6.5,6.3,19,14,3,6,6,5,0,0,2,1,1,4
7.5,7.8,0.0,0.0,0.0,8.3,8.2,9.3,7.2,7.1,7.1,7.4,7.4,7.0,7.6,7.4,7.5,7.5,18,7,2,3,14,4,3,0,0,1,0,4
7.7,8.6,0.0,0.0,0.0,8.1,7.7,9.2,7.4,7.4,7.7,7.8,7.7,8.2,7.5,7.5,8.2,7.8,17,11,4,6,7,6,5,0,0,0,1,4
7.1,7.2,0.0,0.0,0.0,7.7,7.9,7.5,7.0,7.0,6.7,6.8,6.7,7.7,6.8,7.1,6.8,7.0,16,8,1,3,7,7,7,4,1,0,3,4
7.1,8.0,0.0,0.0,0.0,7.7,7.5,9.0,6.7,6.7,6.7,7.2,7.2,7.8,7.0,7.1,6.9,7.1,15,11,5,5,8,7,2,2,0,0,2,4
7.0,8.1,0.0,0.0,0.0,7.7,7.4,8.4,7.0,6.8,8.4,7.0,7.0,7.2,7.2,6.9,7.3,7.2,14,10,2,6,7,8,3,2,3,0,2,4
6.7,7.9,0.0,0.0,0.0,7.7,7.6,9.0,6.5,6.3,7.0,6.8,6.8,8.2,6.9,6.6,7.1,6.8,13,10,1,4,11,7,4,0,0,1,0,4
7.2,7.6,0.0,0.0,0.0,7.7,7.6,8.1,7.2,7.3,6.8,7.1,7.1,7.6,7.2,7.1,7.3,7.2,12,6,2,3,7,5,3,1,2,2,2,4
7.0,7.3,0.0,0.0,0.0,7.9,7.8,8.4,7.1,7.2,6.3,6.6,6.5,7.5,6.9,6.8,7.4,7.0,11,12,4,10,12,5,3,2,4,0,1,4
6.4,7.0,0.0,0.0,0.0,7.4,7.4,7.6,5.9,5.8,5.9,6.7,6.6,7.6,6.6,6.5,6.3,6.5,10,8,5,4,13,3,2,4,1,0,0,4
6.7,6.0,0.0,10.0,10.0,6.7,7.1,4.1,5.7,5.2,7.1,7.2,7.5,5.8,6.4,6.1,6.7,6.5,9,8,2,7,10,2,2,5,1,0,1,4
6.9,6.8,0.0,8.0,8.0,6.8,6.9,6.6,7.0,7.0,7.1,6.8,7.0,5.5,6.8,6.7,6.9,6.8,8,7,1,4,8,10,1,4,3,4,1,4
7.7,6.8,0.0,8.5,8.5,7.8,8.4,3.8,7.6,7.3,8.3,7.6,7.5,8.1,7.5,7.5,7.8,7.4,7,19,6,14,10,3,2,4,0,1,1,4
6.8,6.7,0.0,7.0,7.0,6.7,7.2,3.9,7.0,6.6,7.9,6.8,6.7,7.8,6.9,6.6,7.3,6.7,6,9,0,10,16,2,2,1,1,0,0,4
5.4,6.0,0.0,6.0,6.0,5.5,5.6,3.8,5.3,5.1,6.1,6.0,5.9,6.7,6.1,5.3,5.8,5.6,5,24,8,17,17,7,2,1,3,1,0,4
6.9,7.2,0.0,8.0,8.0,7.1,7.2,5.4,6.7,6.6,7.2,7.1,6.8,8.7,7.0,6.6,7.3,6.9,4,11,2,1,11,6,4,3,0,2,1,4
6.3,6.3,0.0,8.0,8.0,6.3,6.3,4.7,6.0,6.1,6.1,6.8,6.8,7.4,6.2,5.8,6.9,6.1,3,15,8,8,6,2,4,0,1,0,0,4
7.1,6.7,0.0,9.0,9.0,7.4,7.6,5.5,6.7,6.8,6.7,6.9,6.9,7.3,6.8,6.9,7.0,6.9,2,15,2,4,12,5,7,2,4,1,1,4
6.3,6.2,0.0,5.5,1.0,6.5,6.9,3.9,6.2,6.0,6.8,6.3,6.1,6.9,6.9,6.1,6.6,6.4,1,12,1,6,8,5,4,5,2,0,0,4
6.2,6.8,0.0,10.0,10.0,6.4,6.4,5.6,6.3,6.0,7.1,6.2,6.1,6.7,6.4,5.8,6.7,6.2,0,14,1,11,13,4,5,1,0,3,0,4
7.5,7.8,0.0,10.0,10.0,7.9,8.0,6.8,7.5,7.3,8.0,7.5,7.2,8.5,7.2,7.1,7.9,7.4,19,8,1,4,14,4,3,1,2,0,0,3
6.0,6.1,0.0,7.0,7.0,6.7,6.5,8.2,5.6,5.5,5.7,5.8,5.7,5.0,6.1,5.8,6.2,6.1,18,10,1,6,11,3,1,2,0,0,2,3
6.2,6.7,0.0,10.0,10.0,6.4,6.2,6.4,6.3,6.1,6.8,6.2,6.1,6.0,6.5,6.1,6.7,6.3,17,33,15,16,10,2,2,3,1,1,1,3
5.5,5.5,0.0,10.0,10.0,5.5,5.7,4.0,5.3,5.2,5.9,5.5,5.4,6.1,5.7,5.5,5.6,5.5,16,6,2,4,14,4,5,2,0,0,1,3
7.0,7.1,0.0,10.0,10.0,7.1,7.1,6.9,6.9,6.7,7.6,6.9,7.0,5.2,6.5,6.8,7.2,7.3,15,12,3,3,16,3,1,2,0,0,0,3
7.9,8.2,0.0,10.0,10.0,8.4,8.3,8.7,7.7,7.7,7.9,7.4,7.4,7.8,7.3,7.7,8.0,8.0,14,15,6,6,13,4,8,1,0,1,0,3
6.3,7.6,0.0,7.0,7.0,7.2,7.1,7.3,6.0,5.7,7.4,6.2,5.8,8.5,6.5,5.9,7.0,6.5,13,6,2,4,9,6,5,2,3,0,1,3
8.2,8.5,0.0,9.0,9.0,8.7,8.6,9.3,8.2,8.1,8.5,7.7,7.7,8.2,7.9,8.1,8.4,8.3,12,5,1,5,8,15,5,2,0,1,2,3
7.3,7.8,0.0,10.0,10.0,7.7,7.6,7.8,7.3,7.1,7.7,7.2,7.0,8.0,7.2,7.1,7.6,7.5,11,9,3,6,14,5,4,2,0,0,3,3
7.5,8.7,0.0,10.0,10.0,8.4,8.2,8.8,7.4,7.0,8.7,7.3,7.0,8.8,7.4,7.5,7.9,7.9,10,12,2,9,10,4,4,3,1,0,0,3
7.9,8.3,0.0,7.0,7.0,8.4,8.2,8.9,7.8,7.7,7.9,7.1,7.0,7.6,7.6,7.8,8.0,8.0,9,15,2,10,19,1,4,0,0,0,2,3
7.3,7.6,0.0,10.0,10.0,7.8,7.9,7.1,7.0,6.7,7.8,6.8,6.6,8.3,7.0,6.7,7.9,7.3,8,17,4,11,7,8,1,2,0,2,0,3
6.9,7.6,0.0,10.0,10.0,7.6,7.4,8.1,6.9,6.7,7.6,6.4,6.2,7.7,6.9,7.0,7.1,7.1,7,11,1,10,8,5,4,0,1,0,1,3
4.0,3.2,0.0,7.8,7.8,3.2,3.3,2.6,4.6,4.7,4.4,4.0,4.1,3.1,5.2,3.9,4.2,3.8,6,8,2,6,11,6,2,0,0,0,1,3
7.5,8.0,0.0,10.0,10.0,7.9,8.0,6.4,7.6,7.3,8.4,7.1,6.7,8.9,7.5,7.4,7.8,7.7,5,11,0,6,7,5,4,3,3,0,2,3
6.1,6.6,0.0,4.0,4.0,6.5,6.7,5.6,6.2,6.0,7.7,6.2,5.8,8.2,6.7,5.7,6.8,6.1,4,15,2,11,11,5,3,1,1,0,0,3
7.2,7.7,0.0,7.0,7.0,7.4,7.4,6.9,7.4,7.3,7.8,7.1,6.8,7.9,7.2,6.7,7.6,7.3,3,13,3,2,10,6,4,1,5,0,2,3
6.3,6.8,0.0,8.0,8.0,6.5,6.3,6.8,6.0,5.8,7.0,6.5,6.6,5.5,6.3,5.8,6.7,6.4,2,8,1,6,6,7,4,4,2,1,3,3
7.2,8.2,0.0,7.0,7.0,7.7,7.4,9.0,7.1,6.9,7.8,7.4,7.1,8.2,7.2,7.2,7.4,7.5,1,8,1,6,13,7,5,1,2,0,2,3
6.3,6.8,0.0,10.0,10.0,6.6,6.4,6.7,6.2,6.2,6.4,6.6,6.5,7.3,6.3,6.3,6.6,6.4,0,15,5,11,11,2,7,1,6,0,0,3
7.7,8.1,0.0,9.0,9.0,8.3,8.2,9.0,7.4,7.4,7.4,7.5,7.6,6.8,7.2,7.7,7.6,7.7,22,13,2,12,7,6,1,0,1,0,1,2
8.1,8.5,0.0,8.0,8.0,8.8,8.6,9.3,7.7,7.6,8.1,7.3,7.5,6.0,7.5,8.1,7.9,8.2,21,12,1,4,12,8,5,2,1,0,0,2
6.8,7.2,0.0,7.0,7.0,6.8,6.8,6.3,6.8,6.6,7.5,6.8,6.6,8.0,6.8,6.4,7.0,6.8,20,13,2,13,10,4,2,4,0,0,0,2
6.7,7.0,0.0,10.0,10.0,7.2,7.1,7.4,6.6,6.5,6.8,6.3,6.2,6.7,6.8,6.8,6.7,6.8,19,9,3,3,14,7,2,1,1,0,3,2
8.0,7.7,0.0,8.5,8.5,8.3,8.4,7.3,7.9,7.8,8.4,7.5,7.5,6.9,7.5,7.6,8.0,8.0,18,9,1,5,14,10,2,4,1,1,2,2
6.1,5.9,0.0,4.0,4.0,6.4,6.4,5.2,5.9,5.8,6.0,6.0,5.8,7.3,6.3,5.8,6.0,6.2,17,11,1,3,18,8,5,3,0,0,0,2
7.4,8.1,0.0,5.0,5.0,8.3,8.1,8.7,7.0,6.9,7.3,7.3,7.1,8.5,6.8,7.2,7.8,7.6,16,14,1,1,17,9,7,2,0,0,0,2
8.8,8.7,0.0,10.0,10.0,9.1,9.1,8.3,8.4,8.2,8.8,8.6,8.4,9.6,7.8,8.6,8.8,8.8,15,11,3,6,16,6,6,4,1,0,0,2
7.0,7.4,0.0,8.0,8.0,7.5,7.5,7.3,6.7,6.4,7.4,7.1,7.0,7.6,6.9,6.7,7.1,7.2,14,19,6,14,13,4,5,1,0,0,1,2
7.5,7.9,0.0,7.0,7.0,7.9,7.9,7.8,7.3,7.1,8.1,7.5,7.5,8.0,7.4,7.4,7.6,7.6,13,8,3,3,8,6,3,5,2,1,2,2
7.4,7.2,0.0,8.0,8.0,8.0,8.0,7.3,7.1,7.0,7.5,7.3,7.2,7.7,6.8,7.0,7.9,7.6,12,9,3,4,13,4,4,4,2,0,3,2
8.4,8.9,0.0,9.0,9.0,8.9,8.9,8.6,8.2,7.9,9.0,8.4,8.2,8.6,7.1,8.1,8.7,8.5,11,13,1,3,16,8,3,5,1,0,0,2
7.5,7.3,0.0,8.0,8.0,7.8,7.9,7.0,7.0,6.9,7.4,7.5,7.6,7.5,7.1,7.1,7.8,7.5,10,11,1,5,19,6,4,0,3,0,0,2
7.1,8.0,0.0,10.0,10.0,7.8,7.7,7.7,7.1,6.9,7.9,7.1,6.8,8.5,6.8,7.0,7.6,7.5,9,16,6,12,15,2,7,1,0,0,0,2
7.6,8.0,0.0,10.0,10.0,8.1,8.0,8.3,7.3,7.1,7.9,7.6,7.7,5.7,7.3,7.4,7.8,7.7,8,13,3,7,9,8,6,7,2,0,1,2
5.7,6.0,0.0,4.0,4.0,6.1,6.6,4.9,5.7,5.6,6.1,6.0,5.4,8.5,5.9,5.6,6.1,5.8,7,20,10,10,18,7,7,1,0,0,2,2
8.9,8.6,0.0,10.0,10.0,9.2,9.4,8.0,8.7,8.6,9.1,8.5,8.6,7.7,8.2,8.8,9.0,8.8,6,10,1,2,15,8,7,1,1,0,1,2
7.9,7.9,0.0,7.0,7.0,8.5,8.5,8.8,7.6,7.7,7.0,7.0,7.1,6.8,7.6,7.7,7.9,7.9,5,17,3,10,15,6,4,5,1,0,0,2
5.4,7.2,0.0,10.0,10.0,6.6,5.8,7.8,5.4,5.1,5.9,6.3,5.5,8.5,6.1,5.9,5.7,5.9,4,15,6,14,13,7,2,1,2,1,0,2
6.4,6.8,0.0,10.0,10.0,7.3,7.3,7.3,6.3,6.2,6.4,5.5,5.6,5.7,6.7,6.2,6.6,6.6,3,8,2,5,18,10,6,5,0,0,2,2
7.1,7.4,0.0,10.0,10.0,7.5,7.3,7.7,7.0,6.9,7.1,6.7,7.1,4.7,6.6,7.1,6.9,7.1,2,17,4,15,15,7,5,0,0,2,0,2
7.0,7.5,0.0,10.0,10.0,7.9,8.1,7.2,6.7,6.4,7.6,6.6,6.6,7.2,7.2,6.8,7.1,7.1,1,17,1,11,12,7,4,0,1,2,0,2
6.4,7.2,0.0,7.1,7.0,7.8,6.5,6.3,7.0,5.7,5.7,5.7,0.0,6.9,6.0,6.7,6.7,0.0,0,13,6,7,17,8,7,1,2,0,0,2
7.8,8.5,0.0,9.0,9.0,8.5,8.4,9.0,7.3,7.1,8.2,7.5,8.0,6.5,7.8,7.4,8.3,7.8,23,12,4,4,16,10,6,5,3,0,1,1
8.5,8.7,0.0,10.0,10.0,9.2,9.1,8.7,8.3,8.0,9.0,8.2,8.5,7.2,7.5,8.3,8.5,8.5,22,8,3,2,13,5,9,7,6,7,3,1
7.2,7.3,0.0,8.2,7.8,8.4,6.9,6.5,7.6,7.1,7.8,5.2,0.0,6.4,6.5,7.8,7.5,0.0,21,15,10,12,14,6,2,0,1,1,0,1
4.9,8.2,0.0,10.0,10.0,7.2,5.5,8.8,5.0,4.7,6.6,6.5,4.8,8.1,5.7,5.6,6.5,6.5,20,12,3,13,20,9,3,1,3,0,0,1
8.7,7.2,0.0,9.0,9.0,8.2,8.6,6.6,8.8,8.8,6.7,8.2,8.1,9.2,7.7,8.5,8.8,8.5,19,9,6,8,16,12,3,6,3,2,1,1
6.6,5.5,0.0,10.0,10.0,6.0,6.5,5.0,5.5,7.8,4.0,6.4,5.5,9.0,6.2,5.8,6.7,6.4,18,26,7,19,9,6,1,4,1,1,0,1
8.6,7.1,0.0,7.0,7.0,8.6,9.3,7.5,7.9,8.1,6.5,9.1,9.1,9.0,8.7,8.9,7.9,8.1,17,12,3,5,23,12,9,5,1,0,2,1
7.9,7.5,0.0,10.0,10.0,7.4,7.8,7.5,6.9,7.3,6.0,8.7,8.3,9.5,7.8,8.0,7.1,8.0,16,13,5,8,21,11,3,3,2,3,1,1
5.6,7.2,0.0,1.0,1.0,6.3,7.0,5.0,5.6,5.8,5.0,7.0,6.1,9.5,6.4,6.4,6.3,6.1,15,15,3,14,22,8,7,1,2,2,0,1
6.7,7.0,0.0,9.0,9.0,5.0,5.0,5.8,6.1,4.0,6.8,6.4,8.5,6.1,6.5,7.7,6.5,0.0,14,11,9,12,18,13,1,3,2,0,0,1
7.0,5.8,0.0,8.0,8.0,6.7,6.5,6.8,7.0,6.0,6.5,6.7,5.7,6.7,6.9,6.8,6.6,0.0,13,20,10,17,16,10,5,5,0,1,0,1
8.7,9.2,0.0,10.0,10.0,9.2,9.2,9.5,8.7,8.6,9.0,8.6,8.5,8.8,8.6,8.8,8.4,8.7,12,11,4,10,21,16,6,3,0,1,1,1
7.7,7.8,0.0,9.0,9.0,8.1,8.3,7.7,7.5,7.5,7.6,7.6,7.5,8.2,7.6,7.6,7.7,7.6,11,8,2,6,17,20,9,5,3,2,2,1
6.4,6.8,10.0,10.0,10.0,6.5,6.7,5.8,6.5,6.2,7.0,6.6,6.6,6.9,6.2,6.3,6.9,6.4,10,13,10,21,19,7,3,5,1,1,0,1
7.7,8.6,8.7,9.0,10.0,8.4,8.5,8.4,7.3,6.9,8.4,7.6,7.2,8.7,7.3,7.4,8.1,7.9,9,17,8,21,21,7,5,3,0,0,0,1
5.3,5.2,7.7,8.0,7.0,5.3,5.4,3.5,5.3,5.1,6.0,5.5,5.7,5.3,6.0,5.3,5.6,5.3,8,13,3,12,24,20,6,2,4,0,0,1
6.9,5.9,8.0,8.0,8.0,7.2,7.4,4.0,6.7,6.6,6.8,6.2,6.2,5.7,6.3,6.3,7.1,6.6,7,14,9,13,30,11,13,3,2,1,1,1
8.0,7.6,8.5,8.7,7.0,7.5,7.8,5.5,8.3,8.3,8.3,7.8,7.9,7.2,7.5,7.8,7.8,7.9,6,62,43,28,18,6,2,1,3,1,5,1
6.4,6.1,7.2,6.5,10.0,6.3,6.4,5.2,6.2,6.2,6.3,6.4,6.6,5.9,6.4,5.8,6.8,6.3,5,15,11,17,27,17,9,7,1,0,2,1
8.0,7.5,9.0,8.6,10.0,8.1,8.4,5.9,7.8,7.8,8.1,7.6,7.7,7.5,7.2,7.4,8.1,7.8,4,13,5,15,26,23,11,8,6,0,2,1
7.5,7.6,8.7,8.3,9.0,7.7,8.0,5.5,7.3,7.0,8.0,7.6,7.4,8.3,6.9,6.9,7.9,7.5,3,19,7,21,37,19,11,6,4,2,0,1
7.6,7.6,9.5,10.0,9.0,8.0,8.0,8.1,7.2,7.3,6.7,7.4,7.3,8.1,7.1,7.5,7.4,7.7,2,16,10,19,30,26,15,4,4,3,2,1
7.2,7.5,8.5,8.0,9.0,7.5,7.4,7.4,6.9,6.8,7.4,7.0,6.9,8.0,7.1,6.8,7.5,7.3,1,24,9,20,26,25,20,15,3,7,9,1
7.0,7.5,8.5,7.0,10.0,7.6,7.4,7.4,7.0,6.9,7.2,6.6,6.6,6.7,6.8,7.0,7.0,7.2,0,70,20,48,57,27,30,2,4,3,4,1
